comment,data_source,name,name_english,party_change,name_short,party_id,name_ascii,date,name_nonlatin,id,description
,,Maalaisliitto – Agrarförbundet ,Agrarian Union,False,Maal,94,Maalaisliitto -- Agrarforbundet ,1908-07-01,,1,
,,Suomen Keskusta – Centern i Finland,Finnish Centre,False,KESK,94,Suomen Keskusta -- Centern i Finland,1988-07-01,,2,
,,Keskustapuolue – Centerpartiet ,Centre Party,False,KESK,94,Keskustapuolue -- Centerpartiet ,1965-07-01,,3,
,,Bondepartiet,Farmer's Party,1,Bp,702,Bondepartiet,1920-07-01,,4,
,,Senterpartiet,Centre Party,False,Sp,702,Senterpartiet,1959-07-01,,5,
,,Kristendemokraterne,Christian Democrats,False,K,1331,Kristendemokraterne,2003-07-01,,6,
,,Sveriges Kommunistiska Parti,Communist Party of Sweden,False,SKP,882,Sveriges Kommunistiska Parti,1921-07-01,,7,
,,Vänsterpartiet kommunisterna,Left Communists Party,False,VK,882,Vansterpartiet kommunisterna,1967-07-01,,8,
,,Vänsterpartiet,Left Party,False,Vp,882,Vansterpartiet,1990-07-01,,9,
,,Folkpartiet,People's Party,1,FP,892,Folkpartiet,1934-08-05,,10,
,,Folkpartiet liberalerna,Liberal People's Party,False,FP,892,Folkpartiet liberalerna,1990-07-01,,11,
,,Högerns riksorganisation,National Organization of the Right,False,Hr,657,Hogerns riksorganisation,1938-07-01,,12,
,,Högerpartiet,Right Party,False,H,657,Hogerpartiet,1952-07-01,,13,
,,Moderata samlingspartiet,Moderate Coalition Party,False,MSP,657,Moderata samlingspartiet,1969-07-01,,14,
,,Bondeförbundet,Farmers' League,False,B,1461,Bondeforbundet,1913-07-01,,15,
,,Centerpartiet,Centre Party,False,C,1461,Centerpartiet,1957-07-01,,16,
,,Sosialistisk Valgforbund,Socialist Electoral League,False,SV,81,Sosialistisk Valgforbund,1973-07-01,,17,
,,Sosialistisk Venstreparti,Socialist Left Party,False,SV,81,Sosialistisk Venstreparti,1975-07-01,,18,
,,Kristen Demokratisk Samling,Christian Democratic Union,False,KDS,282,Kristen Demokratisk Samling,1964-07-01,,19,
,,Kristdemokratiska Samhällspartiet,Christian Democrats,False,Ks,282,Kristdemokratiska Samhallspartiet,1987-07-01,,20,
,,Kristdemokraterna,Christian Democrats,False,Kd,282,Kristdemokraterna,1995-07-01,,21,
,,Det Nye Folkepartiet,New People's Party,False,DNF,1209,Det Nye Folkepartiet,1972-07-01,,23,
,,Det Liberale Folkepartiet,Liberal People's Party,False,DLF,1209,Det Liberale Folkepartiet,1980-07-01,,24,
,,Anders Langes parti,Anders Lange's Party,False,ALP,351,Anders Langes parti,1973-04-08,,25,
,,Fremskrittspartiet,Progress Party,False,FrP,351,Fremskrittspartiet,1977-01-29,,26,
,,Country Party,Country Party,False,CP,184,Country Party,1913-07-01,,27,
,,National Country Party,National Country Party,False,NCA,184,National Country Party,1975-07-01,,28,
,,National Party of Australia,National Party of Australia,False,NPA,184,National Party of Australia,1982-07-01,,29,
,,Socialistiko Komma Kyprou,Socialist Party of Cyprus,False,EDEK,945,Socialistiko Komma Kyprou,1970-07-01,,33,
,eed,Kinima Sosialdimokraton,Movement for Social Democracy,False,KISOS,945,Kinima Sosialdimokraton,1999-07-01,Κίνημα Σοσιαλδημοκρατών,34,
,,Kinema ton Eleftheron Dimokraton,Free Democrats Movement,False,KED,1523,Kinema ton Eleftheron Dimokraton,1993-07-01,,35,
,,Enomeni Dimokrates,United Democrats,False,ED,1523,Enomeni Dimokrates,1996-07-01,,36,
,,Kansallinen Edistyspuolue,National Progressive Party,False,KE,1219,Kansallinen Edistyspuolue,1918-07-01,,37,
,,Suomen Kansanpuolue,Finnish People's Party,False,SK,1219,Suomen Kansanpuolue,1951-07-01,,38,
,jacobs,Liberaalinen Kansanpuolue,Liberal People's Party,False,LKP,1219,Liberaalinen Kansanpuolue,1965-12-29,,39,
,,Suomen Pientalonpoiken Puolue,Finnish Smallholder Party,False,SPP,200,Suomen Pientalonpoiken Puolue,1959-07-01,,40,
,,Soumen Maaseudun Puolue,Finnish Rural Party,False,SMP,200,Soumen Maaseudun Puolue,1966-07-01,,41,
,,Perussuomalaiset – Sannfinländarna,True Finns,1,Ps,200,Perussuomalaiset -- Sannfinlandarna,1995-10-13,,42,
,,Partido Communista de España,Spanish Communist Party,False,PCE,118,Partido Communista de Espana,1921-07-01,,44,
,,Izquerda Unida,United Left,False,IU,118,Izquerda Unida,1989-07-01,,45,
,,Alianza Popular,People's Alliance,0,AP,645,Alianza Popular,1976-10-09,,46,
,,Partido Popular,People's Party,1,PP,645,Partido Popular,1989-01-20,,47,
,,Partido Popular Democrático,Popular Democratic Party,0,PPD,1273,Partido Popular Democratico,1974-05-06,,48,
,,Partido Social Democrata,Social Democratic Party,False,PSD,1273,Partido Social Democrata,1977-07-01,,49,
,,Centro Democrático e Social,Democratic and Social Centre,False,CDS,251,Centro Democratico e Social,1974-07-01,,50,
,,Centro Democrático e Social – Partido Popular,Democratic and Social Centre -- People's Party,0,CDS-PP,251,Centro Democratico e Social -- Partido Popular,1993-07-01,,51,
,,Synaspismós tīs Aristerás kai tīs Proódou,Coalition of the Left and Progress,False,SYN,1441,Synaspismos tis Aristeras kai tis Proodou,1989-07-01,Συνασπισμός της Αριστεράς και της Προόδου,52,
,,Synaspismós tīs Aristerás tōn Kinīmátōn kai tīs Oikologías,Synaspismos -- Coalition of the Left of Movements and Ecology,False,SYN,1441,Synaspismos -- Synaspismos tis Aristeras ton Kinimaton kai tis Oikologias,2003-07-01,Συνασπισμός της Αριστεράς των Κινημάτων και της Οικολογίας,53,
,,Fiatal Demokraták Szövetsége,Alliance of Young Democrats,0,Fidesz,921,Fiatal Demokratak Szovetsege,1988-07-01,,54,
,,Fidesz – Magyar Polgári Párt,Fidesz -- Hungarian Civic Party,False,Fidesz,921,Fidesz -- Magyar Polgari Part,1995-07-01,,55,
,,Fidesz – Magyar Polgári Szövetség,Fidesz -- Hungarian Civic Union,False,Fidesz,921,Fidesz -- Magyar Polgari Szovetseg,2003-07-01,,56,
,,Groupement Patriotique et Démocratique,Patriotic and Democratic Group,False,GPD,967,Groupement Patriotique et Democratique,1944-07-01,,57,
,,Groupement Démocratique,Democratic Group,False,GD,967,Groupement Democratique,1952-07-01,,58,
,,Demokratesch Partei,Democratic Party,0,DP,967,Demokratesch Partei,1954-07-01,,59,
,,Smer – tretia cesta,Direction -- Third Way,0,Smer,220,Smer -- tretia cesta,1999-07-01,,60,
,,Smer – sociálna demokracia,Direction -- Social Democracy,False,Smer,220,Smer -- socialna demokracia,2005-07-01,,61,
,,Socialni demokrati,Social Democrats,False,SD,706,Socialni demokrati,2005-07-01,,62,
,,Socialdemokratska zveza Slovenije SDZS,Social Democratic Union of Slovenia,False,SDZS,179,Socialdemokratska zveza Slovenije SDZS,1989-02-16,,63,
,sta,Slovenska demokratska stranka,Slovenian Democratic Party,0,SDS,179,Slovenska demokratska stranka,2003-09-19,,64,
,,Belgische Socialistische Partij,Flemish Socialist Party,False,BSP,1029,Belgische Socialistische Partij,1978-07-01,,65,
,,Socialistische Partij,Flemish Socialist Party,False,SP,1029,Socialistische Partij,1980-07-01,,66,
,,Socialistische Partij – Anders,Socialist Party -- Different,0,SPa,1029,Socialistische Partij -- Anders,2001-07-01,,67,
,,Liberale Partij – Parti libéral,Liberal Party,False,LP-PL,63,Liberale Partij -- Parti liberal,1846-07-01,,68,
,,Partij voor Vrijheid en Vooruitgang – Parti de la Liberté et du Progrès,Party of Liberty and Progress,False,PVV-PLP,63,Partij voor Vrijheid en Vooruitgang -- Parti de la Liberte et du Progres,1961-07-01,,69,
,,Parti Social Chrétien,Francophone Christian Social Party,False,PSC,1192,Parti Social Chretien,1972-07-01,,70,
,,Centre Democrate Humaniste,Humanist Democratic Centre,False,CDH,1192,Centre Democrate Humaniste,2002-07-01,,71,
,,Parti Réformateur Libéral,Liberal Reformist Party,False,PRL,454,Parti Reformateur Liberal,1979-07-01,,72,
,,Parti de Réformes et de la Liberté de Wallonie,Party for Reforms and Freedom of Wallonia,False,PRLW,454,Parti de Reformes et de la Liberte de Wallonie,1976-07-01,,73,
,,Partij voor Vrijheid en Vooruitgang,Party of Liberty and Progress,0,PVV,1110,Partij voor Vrijheid en Vooruitgang,1971-06-27,,74,
,,Vlaamse Liberalen en Democraten,Flemish Liberals and Democrats,1,VLD,1110,Vlaamse Liberalen en Democraten,1992-11-15,,75,
,,Section française de internationale ouvriére,Socialist Party,False,SFIO,1539,Section francaise de internationale ouvriere,1905-07-01,,76,
,,Parti socialiste,Socialist Party,False,PS,1539,Parti socialiste,1969-07-01,,77,
,,Movimento Sociale Italiano,Italian Social Movement,False,MSI,831,Movimento Sociale Italiano,1946-07-01,,78,
,,Movimento Sociale Italiano–Destra Nazionale,Italian Social Movement--Right National,False,MSI-DN,831,Movimento Sociale Italiano--Destra Nazionale,1972-07-01,,79,
,,Partito Radicale,Radical Party,False,PR,1296,Partito Radicale,1955-07-01,,80,
,,Lista Bonino,Bonino List,0,Bon,1296,Lista Bonino,1998-07-01,,81,
,,Lista Panella-Riformatori,Panella List,False,Pan,1296,Lista Panella-Riformatori,1993-07-01,,82,
,,Radicali Italiani,Italian Radicals,1,RI,1296,Radicali Italiani,2001-07-01,,83,
,,Lista Sgarbi-Panella,Panella List,False,Pan,1296,Lista Sgarbi-Panella,1996-07-01,,84,
,,Partito Socialista Lavoratori Italiani,Socialist Party of Italian Workers,False,PSLI,242,Partito Socialista Lavoratori Italiani,1947-01-11,,85,
,,Partito Socialista Democratico Italiano,Italian Democratic Socialist Party,False,PSDI,242,Partito Socialista Democratico Italiano,1971-02-10,,86,
,,Partito Democratico della Sinistra,Democratic Party of the Left,0,PDS,809,Partito Democratico della Sinistra,1991-02-03,,87,
,,Democratici di Sinistra,Democrats of the Left,0,DS,809,Democratici di Sinistra,1998-07-01,,88,
,,Unione Democratici per l'Europa,Union of Democrats for Europe,False,UDEUR,399,Unione Democratici per l'Europa,1999-07-01,,89,
,,Alleanza Popolare – UDEUR,Popular Alliance -- UDEUR,0,AP-UD,399,Alleanza Popolare -- UDEUR,2003-07-01,,90,
,,Kristeligt Folkeparti,Christian People's Party,False,KrF,1331,Kristeligt Folkeparti,1970-07-01,,93,
,,Föderation der Grünen in 1983 Parteien der Schweiz – Federation Suisse des Partis Ecologistes,Federation of Green Parties,False,GPS-PES,141,Foederation der Gruenen in 1983 Parteien der Schweiz -- Federation Suisse des Partis Ecologistes,1983-07-01,,94,
,,Grüne Partei der Schweiz – Parti écologiste suisse,Green Party of Switzerland,False,Grue,141,Gruene Partei der Schweiz -- Parti ecologiste suisse,1987-07-01,,95,
,,Katholisch-Konservativ-Christlichsoziale Volkspartei – Parti Conservateur Chretien Social,Conservative-Christian-Social People's Party,0,K-CSP,531,Konservativ--Christlichsoziale Volkspartei -- Parti Conservateur Chretien Social,1957-07-01,,96,
,,Christlich Demokratische Volkspartei der Schweiz – Parti Democrate-Chretien Suisse,Christian Democratic Peoples Party,0,CVP-PDC,531,Christlich Demokratische Volkspartei der Schweiz -- Parti Democrate-Chretien Suisse,1971-07-01,,97,
,,Nationale Aktion für Volk und Heimat – Action Nationale pour le Peuple et la Patrie,National Action for People and Fatherland,False,NA-AN,628,Nationale Aktion fuer Volk und Heimat -- Action Nationale pour le Peuple et la Patrie,1979-07-01,,98,
,,Schweizer Demokraten – Democrates Suisses,Swiss Democrats,False,SD,628,Schweizer Demokraten -- Democrates Suisses,1991-07-01,,99,
,,Nationale Aktion gegen die Überfremdung von Volk und Heimat – Action Nationale contre l'Emprise et la Surpopulation Etrangere,National Action against Foreign Domination,False,NA-AN,628,Nationale Aktion gegen die Ueberfremdung von Volk und Heimat -- Action Nationale contre l'Emprise et la Surpopulation Etrangere,1961-07-01,,100,
,,Grüne,Greens,False,Grue,141,Gruene,1971-07-01,,101,
,,"Schweizerische Bauern-, Gewerbe- und Bürgerpartei – Parti Suisse des Paysans, Artisans et Bourgeois","Farmers, Traders and Citizens Party",False,BGB,750,"Schweizerische Bauern-, Gewerbe- und Buergerpartei -- Parti Suisse des Paysans, Artisans et Bourgeois",1936-12-23,,102,
,,Schweizerische Volkspartei – Union Democratique du Centre,Swiss Peoples Party,False,SVP-UDC,750,Schweizerische Volkspartei -- Union Democratique du Centre,1971-09-22,,103,
,,Schweizer Auto-Partei – Parti Automobiliste Suisse,Swiss Automobile Party,0,FPS,1602,Schweizer Auto-Partei -- Parti Automobiliste Suisse,1984-07-01,,104,
,,Freiheitspartei der Schweiz,Freedom Party of Switzerland,False,FPS,1602,Freiheitspartei der Schweiz,1994-07-01,,105,
,,Liberalų demokratų partija,Liberal Democratic Party,0,LDP,1421,Liberalu demokratu partija,2002-07-01,,106,
,,Tvarka ir teisingumas,Order and Justice,False,TT,1421,Tvarka ir teisingumas,2006-07-01,,107,
,,Mõõdukad,Moderates,1,M,1448,Moodukad,1996-07-01,,108,
,,Sotsiaaldemokraatlik Erakond,Social Democratic Party,0,SDE,1448,Sotsiaaldemokraatlik Erakond,2004-02-07,,109,
,,Det Konservative Folkeparti,Conservative People's Party,0,KF,590,Det Konservative Folkeparti,1915-07-01,,110,
,,Eestimaa Ühendatud Rahvapartei,Estonian United People's Party,False,EUR,1590,Eestimaa Uehendatud Rahvapartei,1994-07-01,,111,
,,Konstitutsioonierakond,Constitution Party,False,K,1590,Konstitutsioonierakond,2006-07-01,,112,
,,British National Front,British National Front,False,BNF,1126,British National Front,1967-07-01,,114,
,,Vlaams Blok,Flemish Block,False,VB,993,Vlaams Blok,1978-07-01,,115,
,,Vlaams Belang,Flemish Interest,1,VB,993,Vlaams Belang,2004-11-14,,116,Party was forced to dissolve in 2004 and reformed thereafter.
,,Ecologistes Confederes pour l'Organisation de Luttes Originales,Francophone Ecologists,False,Ecolo,161,Ecologistes Confederes pour l'Organisation de Luttes Originales,1976-07-01,,117,
,,Anders GAan LEVen,Live Differently -- Flemish-speaking Ecologists,False,Agalev,1594,Anders GAan LEVen,1979-07-01,,118,
,,Groen!,Green!,False,Groen,1594,Groen!,2003-07-01,,119,
,,Partito Agrario,Agrarian Party,False,PAg,618,Partito Agrario,1919-07-01,,120,
,,Partito dei Contadini d'Italia,Agrarian Party,0,PaCoI,618,Partito dei Contadini d'Italia,1945-07-01,,121,
,,Parti radical de gauche,Radical Party of the Left,False,PRG,1492,Parti radical de gauche,1998-07-01,,122,
,,Mouvement de la gauche radicale-socialiste,Movement of the Radical-Socialist Left,False,MGRS,1492,Mouvement de la gauche radicale-socialiste,1972-07-01,,123,
,,Mouvement des radicaux de gauche,Movement of Radicals of the Left,False,MRG,1492,Mouvement des radicaux de gauche,1973-07-01,,124,
,,Parti radical-socialiste,Radical-Socialist Party ,False,PRS,1492,Parti radical-socialiste,1994-07-01,,125,
,,Christian Democrat Party,Christian Democrat Party,False,CD,774,Christian Democrat Party,1995-07-01,,126,
,,Future New Zealand,Future New Zealand,False,FNZ,774,Future New Zealand,1998-07-01,,127,
,,Natsionalno Dvizhenie Simeon Vtori,National Movement Simeon II,False,NDSV,544,Natsionalno Dvizhenie Simeon Vtori,2001-07-01,Национално движение Симеон Втори,128,
,,Natsionalno Dvizhenie za Stabilnost i Vazhod,National Movement for Stability and Progress,0,NDSV,544,Natsionalno Dvizhenie za Stabilnost i Vazhod,2007-07-01,Национално движение за стабилност и възход,129,
,,Československá strana socialistická,Czechoslovak Socialist Party,False,CSS,29,Ceskoslovenska strana socialisticka,1990-07-01,,131,
,,Svobodní demokraté – Liberální strana národně sociální,Free Democrats -- Liberal National Social Party,1,CSS,29,Svobodni demokrate -- Liberalni strana narodne socialni,1995-07-01,,132,
,,Česká strana národně sociální,Czech National Social Party,1,CSNS,29,Ceska strana narodne socialni,1997-07-01,,133,
,,Polo per le Libertà,Freedom Pole,False,PPL,67,Polo per le Liberta,1996-07-01,,134,
,,Casa delle Libertà,Freedom House,False,CdL,67,Casa delle Liberta,2000-07-01,,135,
,rpfi,Suomen Kristillisdemokraatit – Kristdemokraterna i Finland,Finninsh Christian Democrats,0,KD,1463,Suomen Kristillisdemokraatit -- Kristdemokraterna i Finland,2001-06-01,,136,
,,Suomen Kristillinen Liitto – Finlands Kristliga Förbund,Finnish Christian League,False,SKL,1463,Suomen Kristillinen Liitto -- Finlands Kristliga Forbund,1958-05-06,,137,
election date,,L'Ulivo,Olive Tree,False,Ulivo,1048,L'Ulivo,1996-04-21,,138,
,,Polo delle Libertà,Freedom Pole,False,PdL,67,Polo delle Liberta,1993-07-01,,140,
,,Suomen Kommunistinen Puolue (yhtenäisyys) – Finlands Kommunistiska Partiet (enhet),Communist  Party of Finland (unity),False,SKP,806,Suomen Kommunistinen Puolue (yhtenaisyys) -- Finlands Kommunistiska Partiet (enhet),1986-07-01,,143,
,prfi,Suomen Kommunistinen Puolue – Finlands Kommunistiska Partiet,Communist Party of Finland (1997),False,SKP-97,806,Suomen Kommunistinen Puolue -- Finlands Kommunistiska Partiet,1997-02-04,,144,
,,Ny Alliance,New Alliance,0,NA,376,Ny Alliance,2007-05-07,,145,
,,Liberal Alliance,Liberal Alliance,False,LA,376,Liberal Alliance,2008-07-01,,146,
,,Movimento per le Autonomie,Movement for Autonomies,False,MpA,1040,Movimento per le Autonomie,2009-07-01,,147,
,,Partidul Umanist Român,Romanian Humanist Party,0,PUR,5,Partidul Umanist Roman,1991-12-18,,148,
,,Partidul Conservator,Conservative Party,0,PC,5,Partidul Conservator,2005-05-07,,149,
,,Shinto Sakigake,New Party Sakigake,False,NP,1146,Shinto Sakigake,1993-07-01,新党さきがけ,150,
,,Sakigake,Sakigake Party,False,SP,1146,Sakigake,1998-07-01,,151,
,,Midori no Kaigi,Environmental Green Political Assembly,False,EGP,1146,Midori no Kaigi,2002-07-01,みどりの会議,152,
,,Eesti Sotsiaaldemokraatlik Partei / Eesti Maa-Keskerakond,Estonian Social Democratic Party / Estonian Rural Centre Party,False,ESDP/EMK,1448,Eesti Sotsiaaldemokraatlik Partei / Eesti Maa-Keskerakond,1992-07-01,,154,
,,Federalismo,Federalism,False,Fed,473,Federalismo,1989-07-01,,155,
,,Ludová únia,Peoples Union,False,Lu,1615,Ludova unia,2003-07-01,,156,
,,Liberálna strana,Liberal Party,False,Ls,1615,Liberalna strana,2007-07-01,,157,
,,Movimento per l'Autonomia,Movement for Autonomy,False,MpA,1040,Movimento per l'Autonomia,2005-07-01,,158,
,,Federalismo – Europa dei Popoli,Federalism,False,Fed,473,Federalismo -- Europa dei Popoli,1984-07-01,,159,
,,Gaullists,Gaullists,False,G,1094,Gaullists,1944-07-01,,160,
,mackie,Union des démocrates pour la cinquième république,Union of Democrats for the Fifth Republic,0,UDR,1094,Union des democrates pour la cinquieme republique,1967-07-01,,161,
,papo,Groep Wilders,Wilders Group,False,GW,1501,Groep Wilders,2004-09-02,,164,
,reuters,Partij voor de Vrijheid,Party for Freedom,False,PVV,1501,Partij voor de Vrijheid,2006-02-22,,165,
,,Združena lista socialni demokrati,United List Social Democrats,False,ZLSD,706,Zdruzena lista socialni demokrati,1993-05-29,,166,
,,Eesti Kristlik Rahvapartei,Estonian Christian Democratic Party,False,EKRP,609,Eesti Kristlik Rahvapartei,1998-07-01,,167,
,,Erakond Eesti Kristlikud Demokraadid,Party of Estonian Christian Democrats,False,EEKD,609,Erakond Eesti Kristlikud Demokraadid,2006-07-01,,168,
,,Movimento Sociale Fiamma Tricolore,Tricolor Flame Social Movement,False,MSFT,176,Movimento Sociale Fiamma Tricolore,1995-07-01,,170,
,,Lega Nord per l'indipendenza della Padania,North League for the Independence of Padania,False,LN,1436,Lega Nord per l'indipendenza della Padania,1991-01-08,,171,
,,Conservative and Unionist Party,Conservatives,False,Con,773,Conservative and Unionist Party,1912-07-01,,173,
,,Doğru Yol Partisi,Right Path Party,0,DYP,1141,Dogru Yol Partisi,1983-07-01,,174,
,,Demokrat Parti,Democratic Party,1,DP,1141,Demokrat Parti,2007-05-05,,175,
,,New Democratic Party,New Democratic Party,1,NDP,296,New Democratic Party,1961-08-03,,176,
,,Co-operative Commonwealth Federation,Co-operative Commonwealth Federation,False,CCF,296,Co-operative Commonwealth Federation,1932-07-01,,177,
,,Die Grünen – Die Grüne Alternative,The Greens -- The Green Alternative,False,Gruene,1429,Die Gruenen -- Die Gruene Alternative,1993-07-01,,180,
,,Grüne Alternative,Green Alternative,1,Gruene,1429,Gruene Alternative,1986-09-20,,181,
,,Hnutie za demokratické Slovensko,Movement for a Democratic Slovakia,False,HZDS,1142,Hnutie za Demokraticke Slovensko,1991-07-01,,182,
,,Ľudová strana – Hnutie za demokratické Slovensko,People's Party -- Movement for a Democratic Slovakia,False,LS-HZDS,1142,Ludova strana -- Hnutie za Demokraticke Slovensko,2003-07-01,,183,
,,Front Démocratique des Francophones,Democratic Front of the Francophones,False,FDF,969,Front Democratique des Francophones,1964-07-01,,184,
,,Fédéralistes Démocrates Francophones,Francophone Democratic Front,False,FDF,969,Federalistes Democrates Francophones,2010-07-01,,185,
,,Slovenska ljudska stranka,Slovenian People's Party,False,SLS,16,Slovenska ljudska stranka,1992-07-01,,186,
,,Slovenska kmečka zveza,Slovenian Peasant Union,0,SKZ,16,Slovenska kmecka zveza,1988-07-01,,187,
,,Katholisch-Konservative Partei der Schweiz ,Catholic-Conservative Party of Switzerland,0,CCPS,531,Katholisch-Konservative Partei der Schweiz,1912-07-01,,188,
,,The Coalition,The Coalition,0,C,1428,The Coalition,1923-07-01,,189,
,,"Balgarski Zemedelski Naroden Suyuz ""Alexandar Stamboliyski""","Bulgarian Agrarian People's Union ""Aleksandar Stamboliyski""",0,BZNS-AS,529,"Balgarski Zemedelski Naroden Suyuz ""Alexandar Stamboliyski""",1993-07-01,Български земеделски народен съюз „Александър Стамболийски“,190,
,,"Zemedelski sayuz ""Aleksandar Stamboliyski""","Agrarian Union ""Aleksandar Stamboliyski""",False,ZS-AS,529,"Zemedelski sayuz ""Aleksandar Stamboliyski""",2005-07-01,Земеделски съюз „Александър Стамболийски“,191,
,,Balgarski Zemedelski Naroden Suyuz – Naroden Suyuz,Bulgarian Agrarian People's Union,0,BZNS,353,Balgarski Zemedelski Naroden Suyuz -- Naroden Suyuz,1990-07-01,Български земеделски народен съюз,192,
,,Zemedelski Naroden Suyuz,Agrarian People's Union,0,ZNS,353,Zemedelski Naroden Suyuz,2006-05-01,Земеделски народен съюз,193,
,phb,Block der Heimatvertriebenen und Entrechteten,Bloc of Expellees and Deprived of Rights,False,BHE,1507,Block der Heimatvertriebenen und Entrechteten,1950-01-08,,199,
,phb,Gesamtdeutscher Block / Bund der Heimatvertriebenen und Entrechteten,All-German Bloc / League of Expellees and Deprived of Rights,False,GB/BHE,1507,Gesamtdeutscher Block / Bund der Heimatvertriebenen und Entrechteten,1952-11-14,,200,
,,Partito Socialista Unitario,United Socialist Party,1,PSU,242,Partito Socialista Unitario,1969-07-05,,201,
,,Partito Socialista Democratico Italiano,Italian Democratic Socialist Party,False,PSDI,242,Partito Socialista Democratico Italiano,1952-01-07,,202,
,,Nihon Jiyūtō,Japan Liberal Party (1945),False,JLP-45,1726,Nihon Jiyuto,1945-07-01,日本自由党,203,
,,Minshu Jiyūtō,Democratic Liberal Party,False,DLP,1726,Minshu Jiyuto,1948-03-01,民主自由党,204,
,no-2001,Jiyū-tō,Liberal Party (1950),False,LP-50,1726,Jiyu-to,1950-03-01,自由党,205,
,mackie,Minshutō,Democratic Party,False,DP,1734,Minshuto,1947-03-01,民主党,207,
,,Nihon Shimpoto,Japan Progressive Party,False,JPP,1734,Nihon Shimpoto,1945-11-16,日本進歩党,208,
,,Sozialistische Partei Österreichs,Socialist Party of Austria,False,SPO,973,Sozialistische Partei Oesterreichs,1945-04-14,,209,
,,Sozialdemokratische Partei Österreichs,Social Democratic Party of Austria,False,SPO,973,Sozialdemokratische Partei Oesterreichs,1991-06-11,,210,
,,Rikken Kaishintō,Reform Party,0,RK,1734,Rikken Kaishinto,1952-02-08,改進党,214,
,,Kokumin Minshuto,People's Democratic Party,1,PDP,1734,Kokumin Minshuto,1950-04-01,改進党,215,
,,Nihon Shakai-tō,Japan Socialist Party,False,JSP,940,Nihon Shakai-to,1945-07-01,日本社会党,216,
,,Itsenäisyyspuolue – Självständighetspartiet,Independence Party,False,I,979,Itsenaisyyspuolue -- Sjalvstandighetspartiet,2006-07-01,,218,
,,Vapaan Suomen Liitto,League for Free Finland,False,VSL,979,Vapaan Suomen Liitto,1996-07-01,,219,
,,Partia Demokratyczna – demokraci.pl,Democratic Party,1,PD,1104,Partia Demokratyczna -- demokraci.pl,2005-05-07,,220,
,,Enosi Dimokratikou Kentrou,Union of the Democratic Centre,False,EDIK,489,Enosi Dimokratikou Kentrou,1976-02-05,Ένωση Δημοκρατικού Κέντρου,221,
,,Enosi Kentrou – Nees Dynameis,Centre Union -- New Forces,False,EK-ND,489,Enosi Kentrou -- Nees Dynameis,1974-10-07,Ένωσις Κέντρου-Νέες Δυνάμεις ,222,
,,Centró Democrático y Social,Democratic and Social Centre,False,CDS,637,Centro Democratico y Social,1982-07-29,,223,
,,Unión Centrista,Centrist Union,False,UC,637,Union Centrista,1995-03-25,,224,
,eed,Kinima Sosialdimokraton EDEK,Movement for Social Democracy EDEK,False,EDEK,945,Kinima Sosialdimokraton EDEK,2006-01-01,Κινήμα Σοσιαλδημοκρατών ΕΔΕΚ ,225,
,,Kōmei,Komei Political League,0,K,837,Komei,1955-07-01,,229,
,,Kōmeitō,Komeito,0,K,837,Komeito,2014-07-01,公明党,230,
,,Unia Wolności,Freedom Union,1,UW,1104,Unia Wolnosci,1994-04-23,,231,
Election date 1947 used as date of name change.,no-2001,Kokumin Kyôdô Tô,National Cooperative Party,False,NCoP,1733,Kokumin Kyodo To,1947-04-25,国民協同党,232,
,no-2001,Nihon Kyôdô Tô,Japan Cooperative Party,False,JCoP,1733,Nihon Kyodo To,1945-12-18,日本協同党,233,
,,Shakai Minshu-tō,Social Democratic Party,False,SDP,940,Shakai Minshu-to,1996-01-19,社会民主党,234,
,,Sosialidemokraattisen opposition,Social Democratic Opposition,False,SD-o,1108,Sosialidemokraattisen opposition,1957-04-21,,235,
,,Tyäväen ja Pienviljelijäin Sosialdemokraattinen Liitto – Arbetarnas och Småbrukarnas Socialdemokratiska Förbund,Social Democratic League of Workers and Smallholders,False,TPSL,1108,Tyavaen ja Pienviljelijain Sosialdemokraattinen Liitto -- Arbetarnas och Smabrukarnas Socialdemokratiska Forbund,1959-05-06,,236,
,,Coalición por la Europa de los Pueblos,For the Europe of the Peoples,False,CEP,771,Coalicion por la Europa de los Pueblos,1987-07-01,,237,
,,Coalición por la Europa,Coalition for Europe,False,CpE,771,Coalicion por la Europa,2009-06-06,,238,
,bpf,Green Party,Green Party,False,GP,467,Green Party,1985-07-01,,239,
,bpf,The Ecology Party,The Ecology Party,False,EP,467,The Ecology Party,1975-07-01,,240,
,,HaMiflega HaKomunistit HaYisraelit,Communist Party of Israel,False,Maki,387,HaMiflega HaKomunistit HaYisraelit,1948-07-01,המפלגה הקומוניסטית הישראלית‎,241,
,knesset,Moked,Focus,1,Moked,387,Moked,1973-07-25,מוקד‎,242,
,,Danmarks Retsforbund,Justice Party of Denmark,False,DRF,1606,Danmarks Retsforbund,1919-10-21,,243,
,,Christian Democratic Party,Christian Democratic Party,False,CDP,1650,Christian Democratic Party,1997-07-01,,244,
,,Call to Australia Party,Call to Australia Party,False,CTA,1650,Call to Australia Party,1977-07-01,,245,
,,Democratic Labour Party,Democratic Labour Party,False,DLP,1306,Democratic Labour Party,1957-07-01,,246,
,,Australian Labor Party (Anti-Communist),Australian Labor Party (Anti-Communist),False,ALP-AC,1306,Australian Labor Party (Anti-Communist),1955-04-07,,247,
,,Anti-Socialist Party,Anti-Socialist Party,False,ASOC,1938,Anti-Socialist Party,1906-07-01,,250,
,,Nacionālā apvienība „Visu Latvijai!” – „Tēvzemei un Brīvībai / LNNK”,National Alliance All For Latvia -- For Fatherland and Freedom / LNNK,1,NA,521,Nacionala apvieniba Visu Latvijai -- Tevzemei un Brivibai / LNNK,2011-07-23,,251,
,ho-86,Kommunistische Partei der Schweiz – Parti communiste suisse,Communist Party of Switzerland,False,KPS-PCS,1167,Kommunistische Partei der Schweiz -- Parti communiste suisse,1921-07-01,,252,
,ho-86,Partei der Arbeit der Schweiz,Swiss Party of Labour,False,PdA,1167,Partei der Arbeit der Schweiz,1944-07-01,,253,
,,Partito Socialista Unitario,United Socialist Party,False,PSU,224,Partito Socialista Unitario,1992-07-01,,258,
,hsl,Partito socialista autonomo,Autonomous Socialist Party,False,PSA,224,Partito socialista autonomo,1969-04-27,,259,
,,Partij van de Vrijheid,Freedom Party,False,PvdV,1409,Partij van de Vrijheid,1946-03-23,,260,
,,Volkspartij voor Vrijheid en Democratie,People's Party for Freedom and Democracy,False,VVD,1409,Volkspartij voor Vrijheid en Democratie,1948-01-24,,261,
,,Socialdemokratska stranka Slovenije SDSS,Social Democratic Party of Slovenia,0,SDS,179,Socialdemokratska stranka Slovenije SDSS,1992-07-01,,262,
,,Lega Lombarda – Alleanza Nord,Lombard League -- North Alliance,False,LL-AN,1436,Lega Lombarda -- Alleanza Nord,1989-06-18,,263,
,,Déi Gréng,The Greens,1,Greng,310,Dei Greng,1995-07-01,,264,
,,Alternativ Lëscht – Wiert Iech,Alternative List,0,AL,310,Alternativ Lescht -- Wiert Iech,1979-07-01,,265,
,,Naujosios demokratijos partija,New Democratic Party,False,NDP,1261,Naujosios demokratijos partija,1998-07-01,,266,
,,Lietuvos moterų partija,Lithuanian Womens Party,False,LMP,1261,Lietuvos moteru partija,1995-02-25,,267,
,,Social Credit Party,Social Credit Party,False,SCP,1636,Social Credit Party,1953-01-10,,268,
,,New Zealand Democratic Party,New Zealand Democratic Party,False,NZDP,1636,New Zealand Democratic Party,1985-07-01,,269,
,,Green Party of Aotearoa New Zealand,Green Party of Aotearoa New Zealand,False,Greens,1171,Green Party of Aotearoa New Zealand,1990-05-18,,270,
,,Parti communiste française,French Communist Party,False,PCF,686,Parti communiste francais,1920-07-01,,271,
,,Front de gauche,Left Front,False,FdG,686,Front de gauche,2009-07-01,,272,
,,Independants républicains,Independent Republicans,False,IR,59,Independants republicains,1962-07-01,,273,
,,Démocratie libérale,Liberal Democracy,False,DL,59,Democratie liberale,1998-05-16,,274,
,,Parti républicain,Republican Party,0,RP,59,Parti republicain,1977-05-20,,275,
,,De Groenen,The Greens,False,Groen,2009,De Groenen,1986-07-01,,276,
,,Europese Groenen,European Greens,False,EuGro,2009,Europese Groenen,1983-12-17,,277,
,,Katholieke Volkspartij,Catholic Peoples Party,1,KVP,451,Katholieke Volkspartij,1945-12-22,,278,
,,Rooms-Katholieke Staatspartij,Roman-Catholic Political Party,False,RKSP,451,Rooms-Katholieke Staatspartij,1926-07-01,,279,
,,Centrumpartij,Centre Party,0,CP,275,Centrumpartij,1980-03-11,,280,
,,Centrumpartij '86,Centre Party '86,1,CP86,275,Centrumpartij '86,1986-05-20,,281,
,,Algemeen Ouderen Verbond,General Senior Union,False,AOV,112,Algemeen Ouderen Verbond,1993-12-01,,282,
,,Verenigde Senioren Partij,United Seniors Party,False,VSP,112,Verenigde Senioren Partij,2001-12-15,,283,
,,Lietuvos valstiečių ir žaliųjų sąjunga,Lithuanian Peasant and Greens Union,False,LVLS,191,Lietuvos valstiecic ir zaliujc sajunga,2012-01-15,,284,
,,Socialistinis liaudies frontas,Socialist People's Front,1,SPF,1056,Socialistinis liaudies frontas,2009-12-19,,285,
,,Krikščionių partija,Christian Party,1,KP,709,Krikscioniy partija,2010-01-23,,286,
,,Valstiečių ir Naujosios demokratijos partijų sąjunga,Peasants and New Democratic Party Union,0,VNDS,191,Valstieciu ir Naujosios demokratijos partiju sajunga,2001-12-01,,287,
,no-2010,Sinn Féin The Workers' Party,Sinn Fein The Workers' Party,False,SF,433,Sinn Fein The Workers' Party,1977-07-01,,288,
,,Fronto partija,Front Party,False,Fronto,1056,Fronto partija,2008-07-01,,289,
,,Borgarahreyfingin,Civic Movement,0,B,587,Borgarahreyfingin,2009-07-01,,290,
,review,Hreyfingin,The Movement,1,H,587,Hreyfingin,2009-09-18,,291,
,,Alternativ Demokratesch Reformpartei,Alternative Democratic Reform Party,0,ADR,1582,Alternativ Demokratesch Reformpartei,2006-04-02,,292,
,,Aktiounskomitee Rente,Action Committee Pensions,0,AR,1582,Aktiounskomitee Rente,1987-05-12,,293,
,,Slovenská demokratická a kresťanská únia,Slovak Democratic and Christian Union,False,SDKU,131,Slovenska demokraticka a krestanska unia,2000-02-18,,294,
,,Slovenská demokratická a kresťanská únia – Demokratická strana,Slovak Democratic and Christian Union -- Democratic Party,False,SDKU-DS,131,Slovenska demokraticka a krestanska unia -- Demokraticka strana,2006-01-21,,295,
election date,,Alleanza dei Progressisti,Alliance of Progressives,False,AP,1048,Alleanza dei Progressisti,1994-03-27,,296,
election date,,Partito Democratico / Italia dei Valori,Democratic Party / Italy of Values,0,PD+IdV,1048,Partito Democratico / Italia dei Valori,2008-04-13,,297,
election date,,Italia Bene Comune,Italy Common Good,False,IBC,1048,Italia Bene Comune,2013-02-25,,298,
election date,,L'Unione,The Union,False,Unione,1048,L'Unione,2006-04-09,,299,
,,Deutsche Kommunistische Partei,German Communist Party,1,DKP,649,Deutsche Kommunistische Partei,1968-09-25,,300,
,,Kommunistische Partei Deutschlands,Communist Party of Germany,False,KPD,649,Kommunistische Partei Deutschlands,1919-01-01,,301,
,,Nuosaikiųjų konservatorių sąjunga,Moderate Conservative Union,False,NKS,709,Nuosaikiuju konservatoriu sajunga,2000-07-02,,302,
,,Krikščionių konservatorių socialinė sąjunga,Christian Conservative Social Union,1,KKSS,709,Krikscioniu konservatoriu socialine sajunga,2004-07-28,,303,
,,Labour-Progressive Party,Labour-Progressive Party,1,LPP,556,Labour-Progressive Party,1943-07-01,,304,
,,Communist Party,Communist Party,1,CP,556,Communist Party,1959-07-01,,305,
,,Obedinenie za Tsarya,Union for the King,0,OT,1149,Obedinenie za Tsarya,1997-07-01,Обединение за Царя,306,
Exact date unknown year before election used.,,Natsionalno Obedinenie za Tsar Simeon II,National Union for Tzar Simeon II,0,NOTS,1149,Natsionalno Obedinenie za Tsar Simeon II,2000-07-01,Национално Обединение за Цар Симеон II,307,
,,Koalitsiya za Balgariya,Coalition for Bulgaria,0,KzB,1160,Koalitsiya za Balgariya,2001-01-23,Коалиция за България,308,
,,Democratichna Levitsa,Democratic Left,0,DL,1160,Democratichna Levitsa,1991-07-01,Демократична левица,309,
,,Coalizione di Centro Destra,Centre-right Coalition,0,CCD,67,Coalizione di Centro Destra,2007-07-01,,310,
,,Forza Italia,Go Italy,False,FI,596,                            Forza Italia,1993-12-01,,313,
,reuters,Il Popolo della Libertà,The People of Freedom,1,PdL,596,Il Popolo della Liberta,2009-03-29,,314,
,,Unione dei Democratici Cristiani e Democratici di Centro,Union of Christian and Centre Democrats,False,UDC,226,Unione dei Democratici Cristiani e Democratici di Centro,2002-12-06,,315,
,,Unione di Centro,Union of the Centre,False,UdC,226,Unione di Centro,2008-02-28,,316,
,,Canadian Alliance,Canadian Alliance,1,CA,897,Canadian Alliance,2000-03-25,,317,
,glob,Reform Party of Canada,Reform Party of Canada,False,RPC,897,Reform Party of Canada,1987-10-30,,318,
,,Euskal Heritarrok,"We, the Basque citizens",False,EH,1317,Euskal Heritarrok,1998-07-01,,320,
,,Galeusca -- Pueblos de Europa,GALEUSCA -- Peoples of Europe,False,GALEUSCA,771,Galeusca -- Pueblos de Europa,2004-06-13,,321,
,urwin,Mellanpartierna,Middle Parties,False,Mi,1010,Mellanpartierna,1964-07-01,,322,
,urwin,Mittenpartierna,Middle Parties,False,Mi,1010,Mittenpartierna,1968-07-01,,323,
,gall-09,The Workers' Party,The Workers' Party,False,TWP,433,The Workers Party,1982-04-01,,325,
,,Unie svobody ,Freedom Union,False,US,688,Unie svobody,1998-01-13,,326,
,ctk,Unie Svobody – Demokratická unie,Freedom Union -- Democratic Union,0,US-DEU,688,Unie Svobody -- Demokraticka unie,2002-01-01,,327,
,,Slovenské kresťansko-demokratické hnutie,Slovak Christian Democratic Movement,False,SKDH,936,Slovenske krestansko-demokraticke hnutie,1992-03-01,,330,
,,Občianska demokratická strana,Civic Democratic Union,False,ODU,1061,Obcianska demokraticka strana,1991-04-27,,331,
,,Strana slobodné slovo -- Nory Mojsejovej,Free Word Party of Nora Mojsejova,0,SSS,1200,Strana slobodne slovo -- Nory Mojsejovej,2011-11-01,,332,
,,Strana zelených,Green Party,False,SZ,874,Strana Zelenych,2006-07-01,,333,
,,Strana zelených na Slovensku,Party of Greens in Slovakia,False,SZS,874,Strana zelenych na Slovensku,1989-07-01,,334,
,,Strana zelených,Green Party,False,SZ,2235,Strana zelenych,1991-07-01,,335,
,,Maďarská koalícia – Magyar koalíció,Hungarian Coalition,0,MK,559,Madarska koalicia -- Magyar koalicio,1989-07-01,,336,
,,Strana maďarskej koalície – Magyar koalíció pártja,Party of the Hungarian Coalition,0,SMK-MKP,559,Strana ma'arskej koalicie -- Magyar koalicio partja,1998-07-01,,337,
,,Rødt,Red,1,R,1638,Rodt,2007-03-11,,338,
,,Rød Valgallianse,Red Electoral Alliance,False,RV,1638,Rod Valgallianse,1973-07-01,,339,
,,Socialdemokratska Prenova,Social Democratic Renewal,False,SDP,706,Socialdemokratska Prenova,1992-07-01,,340,
,,Pozitivna Slovenija,Positive Slovenia,False,PS,1987,Pozitivna Slovenija,2012-01-21,,341,
,,Lietuvos socialdemokratų partija,Lithuanian Social Democratic Party,False,LSDP,1408,Lietuvos socialdemokratu partija,1990-07-01,,342,
,,Stranka demokratične prenove,Party of Democratic Renewal,0,SDP,706,Stranka demokraticne prenove,1990-02-04,,343,
,,Demokratická únia Slovenska,Democratic Union of Slovakia,False,DUS,1495,Demokraticka unia Slovenska,1994-04-24,,344,
,,Alternatíva politického realizmu,Alternative of Political Realism,False,APR,1495,Alternativa politickeho realizmu,1994-02-11,,345,
,,Demokratická únia,Democratic Union,False,DUS,1495,Demokraticka unia,1995-03-25,,346,
,,Kresťansko-sociálnu úniu,Christian Social Union,False,KSU,936,Krestansko-socialnu uniu,1992-10-10,,347,
,,Pôle républicain,Republican Alliance,0,MDC,2143,Pole republicain,2002-04-21,,348,
,,Mouvement républicain et citoyen,Citizen and Republican Movement,False,MDC,2143,Mouvement republicain et citoyen,2003-07-01,,349,
,,Majorité présidentielle [gauche],Presidential majority [Left],0,CeG,2251,Majorite presidentielle [gauche],2012-06-10,,350,
,,Gauche parlementaire,United Left,False,CeG,2251,Gauche parlementaire,2002-06-09,,353,
,,Centre-gauche,Plural Left,False,CeG,2251,Centre-gauche,1997-05-25,,354,
,,Droite parlementaire,Parliamentary Right,0,CeD,2250,Droite parlementaire,1997-05-25,,355,
,no-2010,Union du peuple de France,Union of the People of France,0,CeD,2250,Union du peuple de France,1993-03-21,,356,
,,Majorité présidentielle [gauche],Presidential Majority [Left],0,CeG,2251,Majorite presidentielle [gauche],1981-06-14,,357,
,,Union du rassemblement et du centre,Union of the Rally and the Centre,0,CeD,2250,Union du rassemblement et du centre,1988-06-05,,358,
,,Union pour la nouvelle majorité [droite],Union for a New Majority [Right],0,CeD,2250,Union pour la nouvelle majorite [droite],1981-06-14,,359,
,,Partei vun der nationaler Solidaritéit,National Solidarity,1,PNS,1462,Partei vun der nationaler Solidariteit,1968-07-01,,360,
,,Mouvement indépendant populaire,Popular Independent Movement,False,MPI,1462,Mouvement independant populaire,1964-07-01,,361,
,,Majorité présidentielle [droit],Presidential Majority [Right],0,CeD,2250,Majorite presidentielle [droit],1962-11-18,,362,
,,Gauche parlementaire,Union of Left,0,CeG,2251,Gauche parlementaire,1973-03-04,,363,
,,Spirit – Sociaal Progressief Internationaal Regionalistisch Integraal-democratisch en Toekomstgericht,"Spirit -- Social, Progressive, International, Regionalist, Democratic and Future-Oriented",0,Spirit,1487,Spirit -- Sociaal Progressief Internationaal Regionalistisch Integraal-democratisch en Toekomstgericht,2001-11-11,,364,
,,VlaamsProgressieven,Flemish Progressives,0,VP,1487,VlaamsProgressieven,2008-04-19,,365,
,,Sociaal-Liberale Partij,Social Liberal Party,0,SLP,1487,Sociaal-Liberale Partij,2009-01-01,,366,
,,Groen,Groen,0,Groen,1594,Groen,2012-01-11,,367,
,,Christen-Democratisch en Vlaams,Christian Democrats & Flemish,0,CD&V,723,Christen-Democratisch en Vlaams,2001-09-29,,368,
,,Open Vlaamse Liberalen en Democraten,Open Flemish Liberals and Democrats,0,O-VLD,1110,Open Vlaamse Liberalen en Democraten,2007-02-10,,369,
,,Volksunie,People's Union,1,VU,290,Volksunie,1954-12-15,,370,
,,Christelijke Vlaamse Volksunie,Christian Flemish People's Union,1,CVV,290,Christelijke Vlaamse Volksunie,1954-01-01,,371,
,,Vlaamse Concentratie,Flemish Concentration,1,VC,290,Vlaamse Concentratie,1949-05-14,,372,
,,Partito Radicale Transnazionale,Transnational Radical Party,1,PRT,1296,Partito Radicale Transnazionale,1989-01-01,,373,
,reuters,Forza Italia ,Go Italy,1,FI,596,Forza Italia ,2013-11-16,,374,
,mackie,Centre du progrès et de la démocratie moderne,Democratic Centre,0,CD,1491,Centre du progres et de la democratie moderne,1968-06-23,,375,
,,Partito della Rifondazione Comunista,Communist Refoundation Party,0,PRC,1321,Partito della Rifondazione Comunista,1991-12-12,,376,
,,Movimento per la Rifondazione Comunista,Communist Refoundation Movement,0,MRC,1321,Movimento per la Rifondazione Comunista,1991-02-03,,377,
,,Front républicain [gauche],Republican Front [Left],0,CeG,2251,Front republicain [gauche],1956-01-02,,378,
,,Troisième Force,Third Force,1,TF,2279,Troisieme Force,1947-07-01,,379,
,,Tripartisme,Three Parties Alliance,0,TPA,2279,Tripartisme,1944-07-01,,380,
,mackie,Union gaulliste,Gaullist Union,0,UG,1094,Union gaulliste,1946-07-01,,381,
,mackie,Rassemblement du peuple Français,Rally of the French People,0,RPF,1094,Rassemblement du peuple Francais,1947-04-14,,382,
,,Centre national des républicains sociaux,National Centre of Social Republicans,0,CNRS,1094,Centre national des republicains sociaux,1956-01-02,,383,
,mackie,Union pour la nouvelle république,Union for the New Republic,0,UNR,1094,Union pour la nouvelle republique,1958-11-23,,384,
,mackie,L'Union pour la nouvelle République – Union démocratique du travail,Union for the New Republic -- Gaullist Democratic Union of Labour,0,UNR-UDT,1094,L'Union pour la nouvelle Republique -- Union democratique du travail,1962-07-01,,385,
,mackie,Union des démocrates pour la République,Union of Democrats for the Republic,0,UDR,1094,Union des democrates pour la Republique,1968-07-01,,386,
,,Kōmeitō,Komeito Party,0,K,837,Komeito,1964-11-17,公明党,387,
,,Parti radical valoisien,Radical Party Valoisien,0,PRV,401,Parti radical valoisien,1972-07-01,,388,
,,"Parti républicain, radical et radical-socialiste","Republican, Radical and Radical-Socialist Party",0,PRR/RS,401,"Parti republicain, radical et radical-socialiste",1901-07-01,,389,
,,Nieuwe Midden Partij,New Middle Party,0,NMP,87,Nieuwe Midden Partij,1970-07-01,,390,
,,Democratische Middenpartij,Democratic Middle Party,1,DMP,87,Democratische Middenpartij,1971-09-13,,391,
,,Suomen Pienviljelijäin Puolue – Finska Småbrukarpartiet,Finnish Small Farmers' Party,0,SPP,920,Suomen Pienviljelijain Puolue -- Finska Smabrukarpartiet,1929-05-29,,392,
,,Die Linke,The Left,1,Linke,791,Die Linke,2007-06-16,,393,
,,Partei des Demokratischen Sozialismus,Party for Democratic Socialism,0,PDS,791,Partei des Demokratischen Sozialismus,1990-02-04,,394,
,,Die Linke / PDS,The Left / PDS,0,Li/PDS,791,Die Linke / PDS,2005-07-17,,395,"Party was renamed into The Left Party.PDS (Die Linkspartei.PDS), short form Die Linke (The Left), on 17 July 2005."
,,Nafarroa Bai,Navarre Yes,0,NaBai,385,Nafarroa Bai,2004-07-01,,396,
,,Geroa Bai,Yes to the Future,1,GeBai,385,Geroa Bai,2011-07-01,,397,
,,Coalicion Europea,European Coalition,0,CE,2172,Coalicion Europea,1998-07-01,,398,
,,Coalición Nacionalista,Nationalist Coalition,0,CN,2172,Coalicion Nacionalista,1989-07-01,,399,
,,Sinistra e Libertà,Left and Freedom,0,SeL,465,Sinistra e Liberta,2009-03-16,,400,
,,Sinistra Ecologia Libertà,Left Ecology Freedom,1,SEL,465,Sinistra Ecologia Liberta,2010-10-22,,401,
,,Movimento Associativo Italiani all'Estero,Associative Movement Italians Abroad,1,MAIE,927,Movimento Associativo Italiani all'Estero,2007-07-01,,402,
,,Associazioni Italiane in Sud America,Italian Associations in Latin America,0,AISA,927,Associazioni Italiane in Sud America,2005-07-01,,403,
,,Partij van de Arbeid – Parti du Travail de Belgique,Workers' Party of Belgium,0,PA-PTB,256,Partij van de Arbeid -- Parti du Travail de Belgique,1979-07-01,,404,
,,Alle Macht aan de Arbeiders – Tout le Pouvoir aux Ouvriers,All Power to the Workers,0,AMADA,256,Alle Macht aan de Arbeiders -- Tout le Pouvoir aux Ouvriers,1971-07-01,,405,
,,Parti Libéral,Liberal Party,0,PL,640,Parti Liberal,1976-07-01,,406,
,,Parti Libéral Démocrate et Pluraliste de la Région bruxelloise,Liberal Democratic and Pluralistic Party of the Brussels Region,0,PLDP,640,Parti Liberal Democrate et Pluraliste de la Region bruxelloise,1971-07-01,,407,
,,Suomen Kommunistinen Puolue – Finlands Kommunistiska Partiet,Communist  Party of Finland,1,SKP,1292,Suomen Kommunistinen Puolue -- Finlands Kommunistiska Partiet,1918-08-29,,408,
,,Suomen Kansan Demokraattinen Liitto – Demokratiska Förbundet för Finlands Folk,Finish Peoples Democratic Union,1,SKDL,1292,Suomen Kansan Demokraattinen Liitto -- Demokratiska Forbundet for Finlands Folk,1944-10-29,,409,
,,Vasemmistoliitto – Vänsterförbundet,Left Alliance,1,VAS,1292,Vasemmistoliitto -- Vansterforbundet,1990-04-29,,410,
,,Zatlera Reformu partija,Zatlers' Reform Party,0,ZRP,1942,Zatlera Reformu partija,2011-07-23,,411,
,,Tēvzemei un Brīvībai / LNNK,For Fatherland and Freedom / LNNK,0,TB/LNNK,521,Tevzemei un Brivibai / LNNK,1997-06-21,,412,
,leta,Reformu partija,Reform Party,0,RP,1942,Reformu partija,2014-04-21,,413,
,,Die Grünen,Greens,0,Gruene,772,Die Gruenen,1980-01-12,,414,
,,Bündnis 90 / Die Grünen,Alliance 90 / Greens,1,B90/Gru,772,Buendnis 90 / Die Gruenen,1993-05-14,,415,
,no-2001,Milliyetçi Hareket Partisi,National Action Party,0,MHP,408,Milliyetci Hareket Partisi,1993-07-01,,416,
,,Milliyetçi Çalışma Partisi,Nationalist Workers Party,0,MCP,408,Milliyetci Calisma Partisi,1985-07-01,,417,
,,Milliyetçi Hareket Partisi,National Action Party,0,MHP,408,Milliyetci Hareket Partisi,1969-07-01,,418,
,,Refah Partisi,Welfare Party,0,RP,1122,Refah Partisi,1983-07-19,,419,
,,Fazilet Partisi,Virtue Party,1,FP,1122,Fazilet Partisi,1997-12-17,,420,
,,Demokratik Toplum Partisi – Partiya Civaka Demokratîk,Democratic Society Party,1,DTP,2305,Demokratik Toplum Partisi -- Partiya Civaka Demokratik,2005-08-17,,421,
,,Barış ve Demokrasi Partisi – Partiya Aştî û Demokrasiyê,Peace and Democracy Party,1,BDP,2305,Baris ve Demokrasi Partisi -- Partiya Asti u Demokrasiye,2008-05-03,,422,
,,Halkçi Parti,Populist Party,0,HP,507,Halkci Parti,1983-11-06,,423,
,,Sosyal Demokrat Halçi Parti,Social Democratic Populist Party,1,SHP,507,Sosyal Demokrat Halci Parti,1985-11-03,,424,"Populist Party (HP) and Social Democracy Party (Sosyal Demokrasi Partisi, SDP) merged on 3 November 1985."
,,Cumhuriyet Halk Partisi,Republican Peoples Party,1,CHP,507,Cumhuriyet Halk Partisi,1995-02-18,,425,Republican Peoples Party (CHP) reformed on 9 September 1992 as a splinter from the Social Democrat Populist Party (SHP). The two parties merged on 18 February 1995.
,,Halkın Demokrasi Partisi,People's Democracy Party,1,HADEP,2305,Halkin Demokrasi Partisi,1994-05-11,,428,
,,Demokratik Halk Partisi,Democratic People's Party,1,DEHAP,2305,Demokratik Halk Partisi,1997-10-24,,429,
,,Halkın Emek Partisi,People's Labor Party,0,HEP,2305,Halkin Emek Partisi,1990-06-07,,430,
,,Demokrasi Partisi,Democracy Party,1,DEP,2305,Demokrasi Partisi,1993-07-14,,431,
,,Mifleget HaAvoda HaYisraelit,Israeli Labour Party,1,MAY,244,Mifleget HaAvoda HaYisraelit,1968-01-23,מפלגת העבודה הישראלית‎,432,
,,HaMa'arakh LeAhdut Poalei Eretz Yisrael,Alignment for the Unity of the Workers of the Land of Israel,1,MAPEY,244,HaMa'arakh LeAhdut Poalei Eretz Yisrael,1965-11-01,המערך לאחדות פועלי ארץ ישרא‎,433,
,knesset,HaMa'arakh,Alignment,1,A,244,HaMa'arakh,1969-01-28,המערך‎,434,
,,Mifleget Poalei Eretz Yisrael,Workers Party of the Land of Israel,0,Mapai,244,Mifleget Poalei Eretz Yisrael,1930-01-05,מפלגת פועלי ארץ ישראל‎,435,
,knesset,Mehaney Radikali Yisraeli,Radical Camp of Israel,0,Meri,938,Mehaney Radikali Yisraeli,1973-07-03,,436,
,,HaOlam HaZeh – Koah Hadash,This World -- New Force,0,OZ-KH,938,HaOlam HaZeh -- Koah Hadash,1965-07-01,,437,
,,Shalom LeYisrael – Makhaneh Smol LeYisrael,Left Camp of Israel -- Peace in Israel,1,Sheli,387,Shalom LeYisrael -- Makhaneh Smol LeYisrael,1977-05-17,,438,
,,Mifleget HaAvoda HaYisraelit,Israel Labor Party,1,MAY,244,Mifleget HaAvoda HaYisraelit,1991-10-07,מִפְלֶגֶת הָעֲבוֹדָה הַיִּשְׂרְאֵלִית,439,
,,HaHazit HaDemokratit LeShalom VeLeShivion,The Democratic Front for Peace and Equality,1,Hadash,732,HaHazit HaDemokratit LeShalom VeLeShivion,1977-03-15,החזית הדמוקרטית לשלום ולשוויון‎,440,
,,Reshima Komunistit Hadasha,New Communist List,0,Rakah,732,Reshima Komunistit Hadasha,1965-09-01,רשימה קומוניסטית חדשה‎,441,
,,Tnu'a Demokratit LeShinu,Democratic Movement for Change,0,TDS,1471,Tnu'a Demokratit LeShinu,1976-11-02,"ד""ש",444,
"The Democratic Movement for Change split:
Democratic Movement (Shafik Asaad, Mordechai Elgrably, Shlomo Eliahu, Benjamin Halevi, Akiva Nof, Shmuel Tamir, and Yigael Yadin) [Knesset]
",knesset,Tnu'a Demokratit,Democratic Movement,1,TD,1471,Tnu'a Demokratit,1978-09-14,תנועה דמוקרטית‎,445,
,,Bnai,Land of Israel Loyalists' Alliance,0,Bnai,1660,Bnai,1979-07-17,"בנא""י",446,
,knesset,Tehiya-Bnai,Tehiya-Bnai,0,TB,1660,Tehiya-Bnai,1979-11-20,"תחייה-בנא""י",447,
,,Kokumin no Seikatsu ga Daiichi,People's Life First,0,PLF,2069,Kokumin no Seikatsu ga Daiichi,2012-07-12,国民の生活が第,449,
,,Saskaņa Latvijai – Atdzimšana Tautsaimniecībai,Harmony for Latvia -- Rebirth of the Economy,0,SL-AT,32,Saskana Latvijai -- Atdzimsana Tautsaimniecibai,1993-01-01,,450,
,,Tautas Saskaņas Partija,National Harmony Party,1,TSP,32,Tautas Saskanas Partija,1994-02-01,,451,
,,Tehiya,Revival,0,Tehiya,1660,Tehiya,1986-06-02,תחיה‎,452,
,knesset,Miflaga LeKidum HaRajon HaZioni,Party for the Advancement of the Zionist Idea,0,MKRZ,2312,Miflaga LeKidum HaRajon HaZioni,1990-03-15,,453,
,,Miflaga Libralit Hadasha,New Liberal Party,0,MLH,2312,Miflaga Libralit Hadasha,1992-03-03,,454,
,,Magyar Kommunista Munkáspárt,Hungarian Communist Workers' Party,1,MM,1202,Magyar Kommunista Munkaspart,2005-11-12,,455,
,,Magyar Szocialista Munkáspárt,Hungarian Socialist Workers' Party,0,MSZMP,1202,Magyar Szocialista Munkaspart,1989-12-17,,456,
,,Munkáspárt,Workers' Party,1,MP,1202,Munkaspart,1993-07-01,,457,
,,Magyar Munkáspárt,Hungarian Workers' Party,0,MMP,1202,Magyar Munkaspart,2013-05-11,,458,
,,Aliancia nového občana,Alliance of the New Citizen,0,ANO,1200,Aliancia noveho obcana,2001-07-01,,459,
,,OBČANIA,CITIZENS,0,Ob,1200,OBCANIA,2013-07-01,,460,
,,Národní socialisté – levice 21. století,National Socialists -- 21st Century Left,1,LEV21,29,Narodni socialiste -- levice 21. stoleti,2011-11-26,,461,Party was announced by former CSSD PM Jiří Paroubek on 8 October 2011 and merged with Czech National Social Party (CSNS) on 26 November. 
,,SNK Evropští demokraté,SNK European Democrats,1,SNK-ED,1532,SNK Evropsti demokrate,2006-01-28,,462,
,,Sdruzeni nezavislych,Association of Independents,1,Sn,1532,Sdruzeni nezavislych,2000-07-01,,463,
,,Državljanska lista Gregorja Viranta,Gregor Virant's Civic List,0,DlGV,1988,Drzavljanska lista Gregorja Viranta,2011-10-21,,464,
,,Državljanska lista,Civic List,0,DL,1988,Drzavljanska lista,2012-04-24,,465,
,,Popolari UDEUR,UDEUR Populars,0,PoUD,399,Popolari UDEUR,2004-07-01,,466,
,knesset,Achrayut Leumit,National Responsibility,0,AcLe,1870,Achrayut Leumit,2005-11-24,,467,
,knesset,Kadima,Forward,0,Kadima,1870,Kadima,2006-01-17,,468,
,,Zares – socialno-liberalni,Zares -- Social Liberals,0,Zares,326,Zares -- socialno-liberalni,2011-10-15,,470,
,,Zares – nova politika,Zares -- New politics,0,Zares,326,Zares -- nova politika,2007-10-06,,471,
,,Freisinnig-Demokratische Partei der Schweiz – Parti Radical-Democratique Suisse,Radical Democratic Party,0,FDP-PRD,26,Freisinnig-Demokratische Partei der Schweiz -- Parti Radical-Democratique Suisse,1894-07-01,,472,
,,FDP.Die Liberalen,FDP.The Liberals,1,FDP,26,FDP.Die Liberalen,2009-01-01,,473,
,,Official Sinn Féin,Official Sinn Fein,1,SF,433,Official Sinn Fein,1970-07-01,,474,
,,Provisional Sinn Féin,Provisional Sinn Fein,1,PSF,2217,Provisional Sinn Fein,1970-07-01,,475,
,,Sinn Féin,Sinn Fein,0,SF,2217,Sinn Fein,1983-07-01,,476,
,,Sinn Féin The Workers' Party – 1905,Sinn Fein -- 1905,0,SF-05,433,Sinn Fein The Workers' Party -- 1905,1905-07-01,,477,
,," Venstre, Danmarks Liberale Parti",Liberal Party of Denmark,0,V,1605," Venstre, Danmarks Liberale Parti",1910-07-01,,478,
,,Tėvynės sąjunga,Homeland Union,1,TS-LK,1045,Tevynes sajunga,1993-05-01,,479,
,,Tėvynės sąjunga – Lietuvos krikščionys demokratai,Homeland Union -- Lithuanian Christian Democrats,0,TS-LKD,1045,Tevynes sajunga -- Lietuvos krikscionys demokratai,2008-05-17,,480,
,,Freiheitliche Partei Österreichs,Freedom Party of Austria,1,FPO,50,Freiheitliche Partei Oesterreichs,1956-04-07,,481,
,hoe-99,Verband der Unabhängigen,Federation of Independents,0,VdU,50,Verband der Unabhaengigen,1949-03-26,,482,"Federation of Independents (VdU) was formed on 26 March 1949.
It disbanded after losing several regional election in 1954, was dissolved on 8 April 1956 and became part of the newly formed Freedom Party of Austria (FPO) (Höbelt 1999). "
,apa,NEOS – Das Neue Österreich und Liberales Forum,NEOS -- The New Austria and Liberal Forum,0,NEOS,2255,NEOS -- Das Neue Oesterreich und Liberales Forum,2014-01-15,,483,
,err,Eesti Konservatiivne Rahvaerakond,Conservative People's Party,1,EKRE,417,Eesti Konservatiivne Rahvaerakond,2012-03-26,,484,
,,NEOS – Das Neue Österreich,NEOS -- The New Austria,0,NEOS,2255,NEOS -- Das Neue Oesterreich,2012-10-27,,485,
,bbc,Eesti Iseseisvuspartei,Estonian Independence Party,0,EIP,1794,Eesti Iseseisvuspartei,1999-04-22,,486,
,,Polski Program Gospodarczy [Duże Piwo],Polish Economic Program [Large Beer],1,PPG,1691,Polski Program Gospodarczy [Duze Piwo],1991-10-28,,487,
,,Polska Partia Przyjaciól Piwa,Polish Friends of Beer Party,0,PPPP,1691,Polska Partia Przyjacil Piwa,1990-12-28,,488,
,,Ometz,Courage,1,O,61,Ometz,1984-07-01,אומץ‎,489,
,knesset,Rafi – Reshima Mamlakhtit,Rafi -- National List,0,Rafi,61,Rafi -- Reshima Mamlakhtit,1981-01-26,"רפ""י – רשימה ממלכתית",490,
,knesset,Tenoa'a LeHithadshut Mamlakhtit,Movement for National Renewal,1,Telem,61,Tenoa'a LeHithadshut Mamlakhtit,1981-05-19,תנועה להתחדשות ממלכתית,491,
,knesset,Rafi – Reshima Mamlakhtit,Rafi -- National List,1,Rafi,61,Rafi -- Reshima Mamlakhtit,1983-06-06,"רפ""י – רשימה ממלכתית",492,
,,Miflaga Datit Leumit,National Religious Party,0,Mafdal,214,Miflaga Datit Leumit,1956-07-01,מפלגה דתית לאומית‎,493,
,,Habayit Hayehudi,The Jewish Home,1,HH,214,Habayit Hayehudi,2008-07-01,הַבַּיִת הַיְהוּדִי,494,
,,Flatto-Sharon,Development and Peace,0,FS,1845,Flatto-Sharon,1976-07-01,,495,
,knesset,Pituah VeShalom,Development and Peace,0,PS,1845,Pituah VeShalom,1978-02-28,פלאטו שרון,496,
,,Tuleviku Eesti Erakond,Future's Estonia Party,0,TEE,1794,Tuleviku Eesti Erakond,1994-07-01,,497,
,,Demokratska stranka Slovenije,Democratic Party of Slovenia,1,DSS,143,Demokratska stranka Slovenije,1994-03-01,,498,
,,Demokratska stranka,Democratic Party,0,DS,143,Demokratska stranka,1991-10-01,,499,
,,Nova Slovenija – Krščanska ljudska stranka,New Slovenia -- Christian People's Party,1,NSI,1047,Nova Slovenija -- Krscanska ljudska stranka,2000-08-04,,502,
,,Slovenski krščanski demokrati,Slovenian Christian Democrats,0,SKD,1047,Slovenski krscanski demokrati,1989-07-01,,503,
,,Vihreä Liitto – Gröna Förbundet,Green League,1,VIHR,1062,Vihrea Liitto -- Grona Forbundet,1987-02-28,,504,
,,Vihreät – Gröna,Greens,0,VIHR,1062,Vihreat -- Grona,1983-07-01,,505,
,,Les Verts,Greens,0,V,873,Les Verts,1984-01-20,,506,
,,Europe Écologie – Les Verts,Europe Ecology -- The Greens,1,EELV,873,Europe Ecologie -- Les Verts,2010-11-13,,507,
,,Partidul Democrat,Democratic Party,0,PD,419,Partidul Democrat,1993-05-28,,508,
,,Frontul Salvării Naţionale,National Salvation Front,0,FSN,419,Frontul Salvarii Nationale,1989-12-22,,509,
,,"Komitet Obywatelski ""Solidarność""",Solidarity Citizens' Committee,0,KOS,108,"Komitet Obywatelski ""Solidarnodsc""",1988-12-18,,510,
,,Solidarność,Solidarnosc,0,S,108,Solidarnosc,1980-08-31,,511,
,,Unia Demokratyczna,Democratic Union,1,UD,1104,Unia Demokratyczna,1991-05-01,,512,
,,Ruch Obywatelski Akcja Demokratyczna,Citizens' Movement for Democratic Action,0,ROAD,1104,Ruch Obywatelski Akcja Demokratyczna,1990-07-16,,513,
,,Ruch Patriotyczny,Patriotic Movement,1,RuPa,148,Ruch Patriotyczny,2005-04-11,,514,
,,Ruch Odbudowy Polski,Movement for the Reconstruction of Poland,0,ROP,148,Ruch Odbudowy Polski,1995-11-18,,515,
,,Hilonit Tzionit,Secular Zionist,0,Hetz,2320,Hilonit Tzionit,2006-01-26,חילונית ציונית,516,
,,Hatnuah,The Movement,1,Hat,2320,Hatnuah,2012-11-27,הַתְּנוּעָה,517,
,,Meretz,Energy,1,Meretz,1419,Meretz,2008-12-22,מֶרֶצ,518,Merger with The New Movement (Hatnua HaHadasha)
,,Meretz,Energy,0,Meretz,1419,Meretz,1992-03-09,מֶרֶצ,519,
,,Sajudzio koalicija,Sajudis coalition,0,SK,1045,Sajudzio koalicija,1988-10-01,,520,
,,Eesti Maarahva Erakond,Estonian Country People's Party,0,EME,417,Eesti Maarahva Erakond,1994-09-29,,521,
,,Eestimaa Rahvalliit,People's Union of Estonia,1,ERa,417,Eestimaa Rahvalliit,2000-06-10,,522,
,,Vabariiklaste ja Konservatiivide Rahvaerakond,People's Party of Republicans and Conservatives,0,VKR,1395,Vabariiklaste ja Konservatiivide Rahvaerakond,1994-09-01,,523,
,,Rahvaerakond,People's Party,0,R,1395,Rahvaerakond,1998-03-01,,524,
,,Rahvaerakond Mõõdukad, Moderate People's Party,1,RM,1448,Rahvaerakond Moodukad,1999-11-27,,525,
,,Eesti Sinine Erakond,Estonian Blue Party,0,ESE,2267,Eesti Sinine Erakond,1994-11-29,,526,
,,Demokraadid – Eesti Demokraatlik Erakond,Democrats -- Estonian Democratic Party,0,EDP,2267,Demokraadid -- Eesti Demokraatlik Erakond,2001-02-01,,527,
,,Australian Labor Party (Non-Communist),Australian Labor Party (Non-Communist),1,ALP-NC,303,Australian Labor Party (Non-Communist),1940-07-01,,528,
,,Australian Labor Party (New South Wales),Australian Labor Party (New South Wales),0,ALP-NSW,303,Australian Labor Party (New South Wales),1931-07-01,,529,
,,Federal Lang Labor,Federal Lang Labor,1,FLL,303,Federal Lang Labor,1946-07-01,,530,
,, Latvijas Krievu savienība, Latvian Russian Union,0,LKS,1520, Latvijas Krievu savieniba,2014-07-01,,531,
Name of remaining parliamentary group after formation of Republican and Social Action (ARS) following confidence vote on 6 March 1952.,,Union des républicains d'action sociale,Union of republican social action,0,URAS,1094,Union des republicains d'action sociale,1952-03-06,,532,
,, Ruch Palikota,Palikot's Movement,0,RP,1945, Ruch Palikota,2011-06-01,,533,
,,Twój Ruch,Your Movement ,1,TR,1945,Twoj Ruch,2013-10-06,,534,
,,Eesti Pensionäride ja Perede Erakond,Estonian Party of Pensioners and Families,0,EPPE,2402,Eesti Pensionaride ja Perede Erakond,1994-07-01,,535,
,,Eesti Demokraatlik Õigusliit,Estonian Democratic Justice Union,0,EDOL,2402,Eesti Demokraatlik Oigusliit,1991-07-01,,536,
,,Frontul Democrat al Salvării Nationale,Democratic National Salvation Front,0,FDSN,1120,Frontul Democrat al Salvarii Nationale,1992-04-07,,537,
,,Partidul Social Democrat,Social Democratic Party,1,PSD,1120,Partidul Social Democrat,2001-01-16,,538,
,,Partidul Democraţiei Sociale in România,Party of Social Democracy in Romania,1,PDSR,1120,Partidul Democratiei Sociale in Romania,1993-07-10,,539,
,,Ishin no Tō,Japan Innovation Party,1,JIP,2136,Ishin no To,2014-09-22,維新の党,540,
,,Seikatsu no Tō,People's Life Party,1,PLP,2069,Seikatsu no To,2012-12-27,生活の党,541,
,,Unia Polityki Realnej,Union of Real Politics,0,UPR,1549,Unia Polityki Realnej,1990-12-06,,542,
,,Kongres Nowej Prawicy,Congress of the New Right,1,KNP,1549,Kongres Nowej Prawicy,2011-03-25,,543,
,,Saskaņas Centrs,Harmony Centre,0,SC,1100,Saskanas Centrs,2005-07-01,,544,
,,"Sociāldemokrātiskā Partija ""Saskaņa""","Social Democratic Party ""Harmony""",1,SDPS,1100,"Socialdemokratiska Partija ""Saskana""",2010-07-01,,545,
,,Likud,The Consolidation,1,L,678,Likud,1973-07-01,הַלִּכּוּד,546,
,,Likud,The Consolidation,1,L,678,Likud,1988-07-01,הַלִּכּוּד,547,Alliance members formally merged into a party.
,,Socialisti Democratici Italiani,Italian Democratic Socialists,1,SDI,1278,Socialisti Democratici Italiani,1998-05-10,,548,
,,Socialisti Italiani,Italian Socialists,0,SI,1278,Socialisti Italiani,1994-11-13,,549,
,,Partito Socialista Italiano – 2009,Italian Socialist Party -- 2009,0,PSI-09,1278,Partito Socialista Italiano -- 2009,2009-10-07,,550,
,,Partito Socialista,Socialist Party,1,PS,1278,Partito Socialista,2007-01-05,,551,
,,Gush Herut-Liberalim,Herut-Liberal Bloc,0,Gahal,678,Gush Herut-Liberalim,1965-12-29,גוש חרות-ליברלים,553,
,,Arbeiderdemokratene,Labour Democrats,0,AD,2415,Arbeiderdemokratene,1911-07-01,,555,
,,Det radikale Folkeparti, Radical People's Party,0,DRF,2415,Det radikale Folkeparti,1921-07-01,,556,
,,De forenede norske Arbeidersamfund,United Norwegian Workers' Association,0,DFNA,2415,De forenede norske Arbeidersamfund,1900-07-01,,557,
,,Christelijke Volkspartij,Flemish Christian Peoples Party,0,CVP,723,Christelijke Volkspartij,1968-07-01,,558,
,,Communist Party,Communist Party,0,CP,556,Communist Party,1921-05-29,,559,
,,Borgaraflokkurinn,Citizens' Party,0,Bf,828,Borgaraflokkurinn,1987-07-01,,562,
"""only a loose electoral alliance"" (McHale 1983, 520)",,Borgaraflokkur,Citizens' Party  ,0,Bo,1342,Borgaraflokkur,1923-07-01,,563,
,,Íhaldsflokkurinn,Conservative Party ,1,Ih,1342,haldsflokkurinn,1924-07-01,,564,
,,Lantmanna och Borgarepartiet [Allmänna valmansförbundet],Rural and Citizens Party [General Electoral League],0,LB-AV,657,Lantmanna och Borgarepartiet [Allmanna valmansforbundet],1904-10-17,,566,
,,Socialistiska partiet,Socialist Party ,0,SP,2478,Socialistiska partiet,1934-07-01,,567,
,,Sveriges Kommunistiska Parti (Kilbom),Communist Party of Sweden (Kilbom),0,SKP-K,2478,Sveriges Kommunistiska Parti (Kilbom),1929-07-01,,568,
,,Sverges Socialdemokratiska Vänsterparti,Social Democratic Left Party of Sweden,0,SSV,882,Sverges Socialdemokratiska Vansterparti,1917-07-01,,569,
,,Sverges Socialdemokratiska Vänsterparti,Social Democratic Left Party of Sweden,0,SSV,2557,Sverges Socialdemokratiska Vansterparti,1921-07-01,,570,
,,New Zealand Liberal Party,New Zealand Liberal Party,0,NZLP,2469,New Zealand Liberal Party,1891-07-01,,571,
,,United Party,United Party,1,UP,2469,,1927-07-01,,572,
,,Labour Party,Labour Party,0,LP,878,Labour Party,1910-07-01,,573,
,,United Labour Party,United Labour Party,1,LP,878,United Labour Party,1912-07-01,,574,
,,Labour Party,Labour Party,1,LP,878,Labour Party,1916-07-01,None,575,
,,Norsk Landmandsforbund,Agrarian Association,0,NL,702,Norsk Landmandsforbund,1896-07-01,,576,
,,Algemeene Bond van Roomsch-Katholieke Kiesverenigingen,General League of Roman Catholic Caucuses,0,ABRKK,2539,Algemeene Bond van Roomsch-Katholieke Kiesverenigingen,1904-10-15,,577,
,,Roomsch-Katholieke Staatspartij,Roman-Catholic State Party,1,RKSP,2539,Roomsch-Katholieke Staatspartij,1926-06-03,,578,
,,Communistische Partij van Nederland,Communist Party of the Netherlands,0,CPN,1194,Communistische Partij van Nederland,1935-07-01,,579,
,,Communistische Partij,Communist Party,0,CP,1194,Communistische Partij,1918-07-01,,580,
,,Sociaal-Democratische Partij,Social-Democratic Party,0,SDP,1194,Sociaal-Democratische Partij,1909-07-01,,581,
,,Frisinnade landsföreningen,Free-minded National Association,0,FL,892,Frisinnade landsfreningen,1902-07-01,,582,
,,Højre,Right,0,H,590,Hojre,1881-07-01,,583,
,,Frontpartij,Front Party,0,FP,2424,Frontpartij,1919-07-01,,584,
,,Vlaams Nationaal Verbond,Flemish National Union,1,VNV,2424,Vlaams Nationaal Verbond,1933-10-08,,586,
,,Cumann na nGaedheal,Society of the Gaels,0,CG,2447,Cumann na nGaedheal,1923-04-27,,587,
,,Sinn Féin (Pro-Treaty),Sinn Fein (Pro-Treaty),0,SF,2447,Sinn Fein (Pro-Treaty),1922-06-01,,588,
,,Republican,Republican,0,R,280,Republican,1923-08-01,,589,
,,Sinn Féin (Anti-Treaty),Sinn Fein (Anti-Treaty),0,SF,280,Sinn Fein (Anti-Treaty),1922-06-01,,590,
,,Fianna Fáil,Fianna Fail (Soldiers of Destiny),0,FF,280,Fianna Fail,1927-06-01,,591,
,no-2010,Onofhängeg Partei,Independent Party,0,OP,2529,Onofhangeg Partei,1931-06-01,,592,
,no-2010,Onofhängeg,Independents,0,O,2529,Onofhangeg,1934-06-01,,593,
,,Baueren- a Mëttelstandspartei,Party of Farmers and the Middle Class,0,BMP,2536,Baueren- a Mettelstandspartei,1931-06-01,,594,
,no-2010,Onofhängeg Rietspartei,Independent Party of the Right,0,OR,2536,Onofhangeg Rietspartei,1925-02-01,,595,
,no-2010,Union Nationale,National Union,0,NU,2529,Union Nationale,1928-06-01,,596,
,,National Conservative Party,National Conservative Party,0,NCP,794,National Conservative Party,1938-07-01,,597,
,,Liberal-Conservative Party,Liberal-Conservative Party,0,LCP,794,Liberal-Conservative Party,1922-07-01,,598,
,,Progressive Conservative Party of Canada,Progressive Conservative Party of Canada,1,PCP,794,Progressive Conservative Party of Canada,1942-10-12,,599,
,,Unionist Party,Unionist Party,0,UP,794,Unionist Party,1917-07-01,,600,
,,National Liberal and Conservative Party,National Liberal and Conservative Party,0,NLCP,794,National Liberal and Conservative Party,1920-07-01,,601,
,,Conservatives,Conservatives,0,C,794,Conservatives,1867-07-01,,602,
,,Reform Party,Reform Party,0,RP,2471,Reform Party,1908-07-01,,603,
,,Conservative,Conservative,0,C,2471,Conservative,1902-07-01,,604,
,"mackie, no-2010",Katholische Konservative – Conservateurs catholiques,Catholic Conservatives,0,KK-CC,531,Katholische Konservative -- Conservateurs catholiquesdemocrate--chretien,1902-07-01,,605,
,mackie,Liberal-Demokratische Partei –  Parti liberal democratique,Liberal Democratic Party,0,LDP,458,Liberal-Demokratische Partei -- Parti liberal democratique,1913-07-01,,606,
,no-2010,Liberal-Konservative – Conservateurs liberaux,Liberal Conservatives,0,LC,458,Liberal-Konservative -- Conservateurs liberaux,1902-07-01,,607,
,,Sozialpolitische Gruppe – Groupe de politique sociale,Social-Political Group,0,SG,886,Sozialpolitische Gruppe -- Groupe de politique sociale,1931-07-01,,608,
,,Sozialistesch Partei,Socialist Party,0,SP,701,Sozialistesch Partei,1917-07-01,,609,
,,"Nationale Boeren-, Tuinders- en Middenstandspartij","National Farmers', Horticulturists' and Middle Class Party",0,NBTM,2458,"Nationale Boeren-, Tuinders- en Middenstandspartij",1933-07-01,,610,
,,Plattelandersbond,Peasants' League,0,PB,2458,Plattelandersbond,1917-02-17,,611,
,, Association of Consumers and Taxpayers, Association of Consumers and Taxpayers,0,ACT,617, Association of Consumers and Taxpayers,1994-07-01,,612,
,,Svobodní Demokraté, Free Democrats,0,SD,574,Svobodni Demokrate,1993-07-01,,613,
,,Obcanské hnuti,Civic Movement,0,OH,574,Obcanske hnuti,1991-04-27,,614,
,,Mouvement des citoyens,Citizens' Movement,0,MC,2143,Mouvement des citoyens,1993-07-01,,615,
,,Minshutō,Democratic Party of Japan,0,DPJ,439,Minshu,1996-09-28,民主党,616,
,,Minshutō,Democratic Party of Japan,1,DPJ,439,Minshu,1998-04-27,民主党,617,Merger of four previously independent parties.
,,Nowoczesna,Modern,0,N,2601,Nowoczesna,2015-08-01,,618,
,,NowoczesnaPL ,ModernPL,0,N,2601,NowoczesnaPL ,2015-05-01,,619,
,,Gruppe der Demokraten – Groupe des democrates,Democratic Group,0,DG,886,Gruppe der Demokraten -- Groupe des democrates,1902-07-01,,620,
,,Frisinnade folkpartiet,Free-minded People's Party,1,FF,892,Frisinnade folkpartiet,1923-05-23,,621,
,,DéFI · Démocrate Fédéraliste Indépendant,Democratic Federalist Independent,0,DeFI,969,DeFI Democrate Federaliste Independant,2015-11-13,,622,
,,Riksdagshögern,Riksdag's Right,1,RH,657,Riksdagshogern,1935-07-01,,623,
,,Venstrereformpartiet,Left Reform Party,0,V,1605,Venstrereformpartiet,1895-07-01,,624,
,,Nippon Ishin no Kai,Japan Restoration Party,0,JReP,2136,Nippon Ishin no Kai,2012-09-12,日本維新の会,625,
,,Kotleba – Ľudová strana Naše Slovensko,Kotleba -- People's Party Our Slovakia,0,KLsNS,586,Kotleba -- Ludova strana Nase Slovensko,2015-11-01,,626,
,,Ľudová strana Naše Slovensko,People's Party Our Slovakia,0,LsNS,586,Ludova strana Nase Slovensko,2010-02-21,,627,
Coding based on main previous predecessor party DPJ.,jt,Minshutō,Democratic Party,1,DP,439,Minshuto,2016-03-27,民進党,628,
,,Partito Socialista Unificato,Unified Socialist Party,1,PSUf,1475,Partito Socialista Unificato,1966-10-30,,629,Merger of PSI and PSD into PSU.
,,Partito Socialista Italiano,Italian Socialist Party,0,PSI,1475,Partito Socialista Italiano,1892-08-14,,630,
,,Partito Socialista Italiano,Italian Socialist Party,1,PSI,1475,Partito Socialista Italiano,1969-07-05,,631,Split into previous parties PSI and PSDI.
,,Onofhängeg National Vereenegung,National Independent Union,0,ONV,2529,Onofhangeg National Vereenegung,1925-02-01,,632,
,,Liberals,Liberals,0,Lib,659,Liberals,1859-06-09,None,633,
,,SDP–Liberal Alliance,SDP-Liberal Alliance,0,Alliance,659,SDP-Liberal Alliance,1981-03-01,,634,
,,Liberal Democrats,Liberal Democrats,1,LD,659,Liberal Democrats,1988-03-02,,635,
,,Onofhängeg Lénkspartei, Independent Left,0,IL,2452,Onofhangeg Lenkspartei,1925-02-01,,636,
,,Parti des Indépendants de l'Est,Independents of the East,0,PIE,2452,Parti des Indpendants de l'Est,1934-06-01,,637,
,,Det Forenede Venstre, The United Left,0,DFV,1605,Det Forenede Venstre,1870-07-01,,638,
,,Europa de los Pueblos – Verdes,Europe of the People -- The Greens,0,EP-V,1657,Europa de los Pueblos -- Verdes,2009-06-06,,639,
,,Europa de los Pueblos,Europe of the People,0,EdP,1657,Europa de los Pueblos,2004-06-13,,640,
,,Lijst Dedecker,List Dedecker,0,LD,221,Lijst Dedecker,2007-01-19,,641,
,,"Libertair, Direct, Democratisch","Libertarian, Direct, Democratic",0,LDD,221,Lijst Dedecker,2011-01-22,,642,
,,Lietuvos centro sąjunga,Centre Union of Lithuania,0,LCS,887,Lietuvos centro sajunga,1992-07-01,,643,
,,Nacionalinė centro partija,National Centre Party,1,LCS,887,Nacionaline centro partija,2003-05-31,,644,
,,Lietuvos centro sąjunga,Centre Union of Lithuania,0,LCS,887,Lietuvos centro sajunga,2005-07-01,,645,
,,Jisedai No Tou,Party for Future Generations,0,PFG,2404,Jisedai No Tou,2014-08-01,次世代の党,646,
,,Nippon no Kokoro o Taisetsu ni Suru Tō,Party for Japanese Kokoro,0,PJK,2404,Nippon no Kokoro o Taisetsu ni Suru To,2015-12-01,日本のこころを大切にする党,647,
,,Československá strana lidová,Czechoslovak People's Party,0,CSL,1245,Ceskoslovenska strana lidova,1919-07-01,,648,
,,Křesťanská a demokratická unie – Československá strana lidová,Christian Democratic Union -- People's Party,1,KDU-CSL,1245,Krest'anska a demokraticka unie -- Ceskoslovenska strana lidova,1992-07-01,,649,
,,Mouvement démocrate,Democratic Movement,1,MoDem,509,Mouvement democrate,2007-12-01,,650,
,,Union pour la démocratie française,Union for French Democracy,0,UDF,509,Union pour la democratie francaise,1978-07-01,,651,
,,Compromis-Podemos-És el Moment,It is time,0,EeM,2607,Compromis-Podemos-Es el Moment,2015-07-01,,652,
,,Compromís–Podemos–EUPV: A la valenciana,A la valenciana,0,AV,2607,Compromis-Podemos-EUPV: A la valenciana,2016-07-01,,653,
Officially English.party name after party board meeting on 21 August 2011.,,Perussuomalaiset – Sannfinländarna,Finns Party,0,PS,200,Perussuomalaiset -- Sannfinlandarna,2011-08-21,,654,
,,Les Républicains,The Republicans,0,LR,658,Les Republicains,2015-05-28,,655,
,,Union pour un mouvement populaire,Union for a Popular Movement,0,UMP,658,Union pour un mouvement populaire,2002-11-17,,656,
,,Debout la France,France Arise,0,DLF,2399,Debout la France,2014-07-01,,657,
,,Sjálfstæðisflokkurinn,Independence Party,1,Sj,1342,Sjalfstaedisflokkurinn,1929-05-25,,658,
,pr,Porozumienie,Agreement,1,PR,2331,Porozumienie,2017-11-04,,659,
,,Polska Razem,Poland Together,0,PR,2331,Polska Razem,2013-12-07,,660,
,,Deutsche Konservative Partei – Deutsche Rechtspartei,German Conservative Party -- German Right Party,0,DKP-DRP,187,Deutsche Konservative Partei -- Deutsche Rechtspartei,1946-06-27,,661,
,,Deutsche Reichspartei,German Reich Party,0,DRP,187,Deutsche Reichspartei,1950-01-21,,662,
,,Centro-sinistra,Centre Left,0,CeS,1048,Centro-sinistra,2018-03-04,,663,
,,Partito Comunista d'Italia,Party of the Italian Communists,0,PCd'I,1661,Partito Comunista d'Italia,2014-12-11,,664,
,,Partito Comunista Italiano,Italian Communist Party,0,PCI,1661,Partito Comunista Italiano,2016-06-26,,665,
,,Österreichische Volkspartei,Austrian People's Party,1,OVP,1013,Oesterreichische Volkspartei,1945-04-17,,666,
,,"Nationalsozialistische Deutsche Arbeiterpartei, Hitlerbewegung","National Socialist German Workers' Party, Hitler Movement",1,NSDAP,2684,"Nationalsozialistische Deutsche Arbeiterpartei, Hitlerbewegung",1926-05-04,,667,The party was refoundet as an non-independent part of the German NSDAP
,,Landbund für Österreich,Rural Federation,1,LB,2681,Landbund fuer Oesterreich,1922-12-06,,668,
,,Sozialdemokratische Arbeiterpartei Deutschösterreichs,Social Democratic Workers' Party of German Austria,0,SDAPDO,973,Sozialdemokratische Arbeiterpartei Deutschoesterreichs,1918-07-01,,669,
,,Deutsche Staatspartei,German State Party,1,DStP,2691,Deutsche Staatspartei,1930-07-28,,670,
,,Reichspartei des deutschen Mittelstandes,Reich Party of the German Middle Classes,0,RP,2698,Reichspartei des deutschen Mittelstandes,1925-07-01,,671,
,,Deutschösterreichische Bauernpartei,German-Austrian Farmers' Party,0,DBP,2681,Deutschoesterreichische Bauernpartei,1920-06-26,,672,
,,Deutsche Demokratische Partei,German Democratic Party,0,DDP,2691,Deutsche Demokratische Partei,1918-11-20,,673,
,,Wirtschaftspartei des deutschen Mittelstandes,Economic Party of the German Middle Classes,0,WP,2698,Wirtschaftspartei des deutschen Mittelstandes,1920-07-01,,674,
,,Christlichsoziale Partei,Christian Social Party,0,CSP,1013,Christlichsoziale Partei,1891-07-01,,675,
,,Deutsche Nationalsozialistische Arbeiterpartei,German National Socialist Workers' Party,0,DNSAP,2684,Deutsche Nationalsozialistische Arbeiterpartei,1918-05-01,,676,
,,Sozialdemokratische Arbeiterpartei,Social Democratic Workers' Party,0,SPO,973,Sozialdemokratische Arbeiterpartei,1889-01-01,,677,
,,Wirtschaftsblock,Economic bloc,0,WB,2699,Wirtschaftsblock,1930-07-01,,678,
,,Verband der Großdeutschen und des Landbundes,Association of Great Germans and Rural Federation,0,GuL,2699,Verband der Grossdeutschen und des Landbundes,1923-07-01,,679,
,,Uusi vaihtoehto – Nytt alternativ,New Alternative,0,UV,2645,Uusi vaihtoehto -- Nytt alternativ,2017-06-13,,680,
,,Sininen tulevaisuus – Blå framtid,Blue Reform,0,SIN,2645,Sininen tulevaisuus -- Bla framtid,2017-11-15,,681,
,,Nationalsozialistische Deutsche Arbeiterpartei,National Socialist German Workers' Party,1,NSDAP,2695,Nationalsozialistische Deutsche Arbeiterpartei,1920-02-24,,682,
,,Deutsche Arbeiterpartei,German Workers' Party,0,DAP,2695,Deutsche Arbeiterpartei,1919-01-05,,683,
,,Württembergischer Bauern- und Weingärtnerbund,Wuerttembergian Farmers and Wine Growers Association,0,WBWB,2703,Wuerttembergischer Bauern- und Weingaertnerbund,1919-07-01,,686,
,wid,Bauern- und Weingärtnerbund,Farmers and Wine Growers Association,0,BWB,2703,Bauern- und Weingaertnerbund,1924-01-01,,687,
,,Bayerischer Bauernbund,Bavarian Peasants' League,0,BBB,2701,Bayerischer Bauernbund,1893-07-01,,688,
,,Bayerischer Bauern- und Mittelstandsbund,Bavarian Peasants' and Middle Class League,0,BBMB,2701,Bayerischer Bauern- und Mittelstandsbund,1922-07-01,,689,
,,Vereinigte Landwirtschaftliche Berufsvereinigung Thüringens,United Agricultural Professional Association of Thuringia,0,VLBT,2704,Vereinigte Landwirtschaftliche Berufsvereinigung Thueringens,1920-07-01,,690,
Exact date unknown,,Landbund Thüringen,Rural Federation Thuringia,0,LBT,2704,Landbund Thueringen,1924-01-01,,691,
,,Liberale Staatspartij,Liberal State Party,0,LSP,2461,Liberale Staatspartij,1921-07-01,,692,
,,de Vrijheidsbond,The Freedom League,0,VB,2461,de Vrijheidsbond,1937-07-01,,693,
"Dear Holger,



Good to hearing from you. Please find my comments below:



- Civic Choice (SC) and Movement for Autonomies (MPA) did not participate to the election.



- Does the star associated with NcI mean that NcI is a coalition of SC and MPA (I am not sure my interpretation of the symbols associated with NcI)? In any case, NcI was not a coalition including SC and MPA. Actually, NcI was a list whose exact name was NcI-UDC. This combined UDC (http://www.parlgov.org/explore/ita/party/226/) and a new party called NcI.



- The electoral alliance known as ""Civica Popolare Lorenzin"" included not only IdV (Italy of Values), but also another party that is present in ParlGov dataset: New Centre-Right (NCD) http://www.parlgov.org/explore/ita/party/2268/ 



- The only elected deputy belonging to the CD (Democratic Centre) was elected under the +Europa (Italian Radicals in your table) list.



- Electoral Alliance called Potere Al Popolo (Power to the People): I would say that this was really a new party list (although including PRC and other extreme left parties). The classification choice obviously depends on which is the standard way of classifying these situations in ParlGov.



- PCI: I wuld again say that does not exactly correspond to the old PdCI. As far as I know, PdCI dissolved in 2016 and formed the PCI together with some PRC members and other extreme left politicians. Again, it is a matter on ParlGov classification criteria and how much you prefer continuity over discontinuity.





Hope this can help.



Best,

Andrea",pc,Noi con l'Italia-Unione di Centro,Us with Italy-Union of the Centre,1,NcI-UDC,226,Noi con l'Italia-Unione di Centro,2017-12-19,,694,
,,Alternativa Popolare,Popular Alternative,1,PA,2268,Alternativa Popolare,2017-03-18,,695,
,,Nuovo Centrodestra,New Centre-Right,0,NCD,2268,Nuovo Centrodestra,2013-11-15,,696,
,,Socialistische Partij,Socialist Party,0,SP,357,Socialistische Partij,1993-07-01,,697,
,,Socialistiese Partij,Socialist Party,0,SP,357,Socialistiese Partij,1971-10-22,,698,
,,Union des électeurs,Union of Electors,0,UE,2162,Union des electeurs,1939-07-01,,699,
,,Candidats des électeurs,Union of Electors,1,CE,2162,Candidats des electeurs,1957-07-01,,700,
,,Green Party of England and Wales,Green Party of England and Wales,1,GPEW,467,Green Party of England and Wales,1990-07-01,,701,
,,Liberi e Uguali,Free and Equal,1,LeU,465,Liberi e Uguali,2017-02-19,,702,
,,Debout la république,Republic Arise,0,DLR,2399,Debout la republique,2008-11-23,,703,
,mchale,Liberal-Demokratische Union der Schweiz – Union libéral-démocratique suisse,Liberal Party of Switzerland,0,LIDUS,458,Liberal-Demokratische Union der Schweiz -- Union liberal-democratique suisse,1961-07-01,,704,
,,Liberale Partei der Schweiz – Parti liberal suisse,Liberal Party of Switzerland,0,LPS,458,Liberale Partei der Schweiz -- Parti liberal suisse,1977-07-01,,705,
,,Liste Peter Pilz,Peter Pilz List,0,PILZ,2651,Liste Peter Pilz,2017-07-26,,706,
,,JETZT – Liste Pilz,JETZT -- Pilz List,0,PILZ,2651,JETZT -- Liste Pilz,2018-11-19,,707,
,,Rassemblement national,National Rally,0,RN,270,Rassemblement national,2018-06-01,,708,
,,Front national,National Front,0,FN,270,Front national,1972-10-05,,709,
,,Unidos Podemos,United We Can,0,UP,2724,Unidos Podemos,2016-05-09,,710,
,,Unidas Podemos,United We Can,0,UP,2724,Unidas Podemos,2019-05-26,,711,
,,Jiyū-tō,Liberal Party,0,PLFP,2069,Jiyu-to,2016-10-01,自由党,712,
,,Eniaia demokratiki enosi kentrou,United Democratic Union of Centre,0,EDEK,945,Eniaia demokratiki enosi kentrou,1969-07-01,"Ενιαία Δημοκρατική Ένωση Κέντρου, ΕΔΕΚ",713,
,,Gréng Alternativ Partei,Green Alternative,0,GAP,310,Greng Alternativ Partei,1983-06-23,,714,
,,Gréng a Liberal Allianz,Green and Liberal Alliance,1,GLA,1158,Greng a Liberal Allianz,1995-10-10,,716,
,,Greng Lëscht Ekologesch Initiativ,Green Left Ecological Initiative,0,GLEI,1158,Greng Lescht Ekologesch Initiativ,1985-07-01,,717,
,,Zveza komunistov Slovenije,League of Communists of Slovenia,0,ZKS,706,Zveza komunistov Slovenije,1937-04-01,,718,
,,Óháði Lýðræðisflokkurinn,Independent Democratic Party,0,OL,53,Ohadi Lydraedisflokkurinn,1967-07-01,,719,
,,Samtök frjálslyndra og vinstri manna,Union of Liberals and Leftist,0,Sfvm,53,Samtok frjalslyndra og vinstri manna,1969-07-01,,720,
,,Yamina,Right,0,Y,2726,Yamina,2019-07-29,ימינה,721,
,,Unia Europejskich Demokratów,Union of European Democrats,0,UED,1104,Unia Europejskich Demokratow,2016-12-16,,722,
,,Kommunistische Partei Deutschlands,Communist Party of Germany,0,KPD,649,Kommunistische Partei Deutschlands,1922-06-01,,723,
,,Vereinigte Kommunistische Partei Deutschlands,United Communist Party of Germany,1,VKPD,649,Vereinigte Kommunistische Partei Deutschlands,1920-12-04,,724,
,,Stranka Mira Cerarja,Party of Miro Cerar,0,SMC,2333,Stranka Mira Cerarja,2014-06-02,,725,
,,Stranka modernega centra,Modern Center Party,0,SMC,2333,Stranka modernega centra,2015-03-07,,726,
,,Més Compromís,More Commitment,0,MC,2607,Mes Compromis,2019-09-29,,727,
,,United Australia Party,United Australia Party,0,UAP,2259,United Australia Party,2018-06-17,,728,
,,Centre Alliance,Centre Alliance,0,CA,2630,Centre Alliance,2018-06-08,,729,
,,Lietuvos valstiečių liaudininkų sajunga,Lithuanian Popular Peasants' Union,0,LVLS,191,Lietuvos valstieciu liaudininku sajunga,2006-07-01,,730,
,,BSP za Balgariya,BSP for Bulgaria,0,BSPzB,1160,BSP za Balgariya,2017-07-01,БСП за България,731,
,,Lietuvos centro partija,Lithuanian Centre Party,0,LCP,2635,Lietuvos centro partija,2005-07-01,,732,
,,Centro partija „Gerovės Lietuva“,"Centre Party ""Welfare Lithuania""",0,CP-WL,2635,"Centro partija ""Geroves Lietuva""",2009-07-01,,733,
,,Lietuvos liberalų sąjunga,Liberal Union of Lithuania,0,LLiS,983,Lietuvos liberalu sajunga,1990-11-25,,734,
,,Liberalų ir centro sąjunga,Liberal and Centre Union,1,LiCS,983,Liberalc ir centro sajunga,2003-05-31,,735,
,,Plefsi Eleftherias,Course of Freedom,1,PE,2596,Plefsi Eleftherias,2016-04-19,Πλεύση Ελευθερίας,736,
,,Laïkí Enótita,Popular Unity,0,LE,2596,Laiki Enotita,2015-08-21,Λαϊκή Ενότητα,737,
,,Ihud Miflagot HaYamin,United Right,0,IMY,2726,Ihud Miflagot HaYamin,2019-02-21,איחוד מפלגות הימין,738,
,,Junts per Catalunya,Together for Catalonia,1,JxCat,2605,Junts per Catalunya,2018-07-11,,739,
,,Convergència Democràtica de Catalunya,Democratic Convergence of Catalonia,0,CDC,2605,Convergencia Democratica de Catalunya,1974-11-17,,740,
,,Compromiso por Europa,Commitment to Europe,0,CE,1657,Compromiso por Europa,2019-05-26,,741,
,,Primavera Europea,European Spring,0,PE,1657,Primavera Europea,2014-05-25,,742,
,,Grupo Común da Esquerda,Common Group of the Left,1,GCdE,2604,Grupo Comun da Esquerda,2019-09-03,,743,
,,En Marea,En Masse,0,EM,2604,En Marea,2015-11-06,,744,
,,Liberalerna,Liberals,0,L,892,Liberalerna,2015-11-22,,745,
,,Stranka Alenke Bratušek,Party of Alenka Bratusek,0,SAB,2337,Stranka Alenke Bratusek,2017-10-07,,746,
,vrk,Centro partija – Tautininkai,Centre Party -- Nationalists ,0,CP-N,2635,,2020-07-01,,747,
,,Nacionalinis Susivienijimas,National Alliance,1,NS,2762,Nacionalinis Susivienijimas,2020-03-07,,748,
,,Laisvė ir Teisingumas,Freedom and Justice,0,LT,2634,Laisve ir Teisingumas,2020-06-06,,749,
,,Domovinski pokret,Homeland Movement,0,DP,2809,Domovinski pokret,2021-02-06,,750,
,,Centar,Centre,0,C,2772,Centar,2020-11-16,,751,
,,Fratelli d'Italia – Alleanza Nazionale,Brothers of Italy -- National Alliance,0,FdI-CN,2154,Fratelli dItalia -- Alleanza Nazionale,2014-02-24,,752,
,,Fratelli d'Italia – Centrodestra Nazionale,Brothers of Italy -- National Centre-right,0,FdI-CN,2154,Fratelli dItalia -- Centrodestra Nazionale,2012-12-17,,753,
,,Écologistes !,Ecologists,0,E,2813,Ecologistes !,2015-09-02,,754,
,,Parti écologiste,Ecologist Party,0,PE,2813,Parti ecologiste,2016-07-06,,755,
,,Alianța 2020 USR-PLUS,2020 USR-PLUS Alliance,0,UP20,2646,Alianta 2020 USR-PLUS,2019-02-02,,756,
,,USR PLUS,USR PLUS,1,UP,2646,USR PLUS,2021-04-16,,757,
,,Demokratene,Democrats,0,D,2816,Demokratene,2002-08-24,,758,
,,Demokratene  i Norge,Democrats in Norway,0,DEM,2816,Demokratene  i Norge,2010-11-10,,759,
,,Demokratene,Democrats,0,D,2816,Demokratene,2018-05-25,,760,
,,Akce nespokojených občanů,Action of Dissatisfied Citizens,0,ANO,2263,Akce nespokojenych obcanu,2011-11-01,,761,
,,Akce nespokojených občanů 2011,Action of Dissatisfied Citizens 2011,0,ANO,2263,Akce nespokojenych obcanu 2011,2012-05-11,,762,
,,HaTzionut HaDatit,Religious Zionist Party,0,RZP,1357,HaTzionut HaDatit,2021-01-07,הציונות הדתית‎,763,
,,Otzma Yehudit,Jewish Power,0,OY,2322,Otzma Yehudit,2013-07-01,עוֹצְמָה יְהוּדִית,764,
,,Ecoglasnost,Ecoglasnost,0,PKE,1548,Ecoglasnost,2020-07-01,Екогласност,765,
,,Izpravi se.BG! Nie idvame!,Stand Up.BG! We are coming!,0,IBG-NI,2838,Izpravi se.BG! Nie idvame!,2021-07-20,Изправи се.БГ! Ние идваме!,766,
,,Arbeidarpartiet,Labour Party,0,A/Ap,104,Arbeidarpartiet,2011-07-01,,767,
,,Domovinski pokret Miroslava Škore,Miroslav Skoro Homeland Movement,0,DPMS,2809,Domovinski pokret Miroslava Skore,2020-02-29,,768,
,,Partei Mensch Umwelt Tierschutz,Human Environment Animal Protection,0,Tierschutz,301,Partei Mensch Umwelt Tierschutz,2010-03-20,,769,
,,Mensch Umwelt Tierschutz,Human Environment Animal Protection,0,MUT,301,Mensch Umwelt Tierschutz,1993-02-13,,770,
,,Progressive Party of Canada,Progressive Party of Canada,0,PPC,2566,Progressive Party of Canada,1919-07-01,,771,
,,Partidul Umanist Social Liberal,Social Liberal Humanist Party,1,PUSL,5,Partidul Umanist Social Liberal,2015-09-28,,772,
,,Alianța Liberalilor și Democraților,Alliance of Liberals and Democrats,1,ALDE,2647,Alianta Liberalilor si Democratilor,2015-06-19,,773,
,,Partidul Liberal Reformator,Liberal Reformist Party,1,LRP,2647,Partidul Liberal Reformator,2014-07-03,,774,
,,Bŭlgarsko natsionalno obedinenie,Bulgarian National Unification,0,BNO,2840,Bulgarsko natsionalno obedinenie,2013-12-01,Българско национално обединение,775,
,,Balgarsko lyato,Bulgarian Summer,1,BaL,2840,Balgarsko lyato,2021-07-11,Българско лято,776,
,,Demokrati za Silna Balgariya,Democrats for a Strong Bulgaria,0,DSB,57,Demokrati za Silna Balgariya,2004-05-30,Демократи за силна България,777,
,,Demokratichna Balgariya,Democratic Bulgaria,0,DB,57,Demokratichna Balgariya,2018-04-12,Демократична България,778,
,,Izpravi se! Mutri van!,"Stand up! Mafia, Get Out!",0,ISMV,2838,Izpravi se! Mutri van!,2021-02-07,Изправи се! Мутри вън!,779,
,,Uniunea Salvați România,Save Romania Union,0,USR,2646,Uniunea Salvati Romania,2015-07-02,,780,
,,Pessoas-Animais-Natureza,People-Animals-Nature,0,PAN,1781,Pessoas-Animais-Natureza,2011-04-13,,781,
,,Renaissance,Renaissance,0,R,2643,Renaissance,2022-05-05,,782,
,,La République En Marche!,The Republic Onwards!,0,REM,2643,La Republique En Marche!,2016-04-06,,783,
,,Alleanza Verdi e Sinistra,Greens and Left Alliance,0,AVS,1278,Alleanza Verdi e Sinistra,2022-07-02,,784,
Smaller parties taking part of the movement are not yet included in ParlGov.,,Unione Popolare,Popular Union,1,PU,1321,Unione Populare,2022-07-09,,785,"The Popular Union is a movement formed in July 2022 and includes DeMa, Manifesta, Potere al Populo as well as several independent people. "
,,Konservatīvie,Conservatives,0,K,2717,Konservativie,2022-02-01,,786,
,,Partido pelos Animais e pela Natureza,Party for Animals and Nature,0,PAN,1781,Partido pelos Animais e pela Natureza,2009-05-22,,787,
,,HaIhud HaLeumi–Tkuma,National Union--Tkuma,0,HaLe-T,1357,HaIhud HaLeumi--Tkuma,1998-07-01,האיחוד הלאומי-תקומה,788,
,,Lega per Salvini Premier ,League for Salvini Premier,1,LpSP,1436,Lega per Salvini Premier,2017-12-14,,789,
,,Eestimaa Kommunistlik Partei,Communist Party of Estonia,0,EKP,2416,Eestimaa Kommunistlik Partei,1990-12-19,,790,
,,Eesti [Sotsiaal] Demokraatlikuks Tööparteiks,Estonian [Social] Democratic Labour Party,0,ESDTP,2416,Eesti [Sotsiaal] Demokraatlikuks Tooparteiks,1992-11-12,,791,
,,Eesti Vasakpartei,Estonian Left Party,0,EVP,2416,Eesti Vasakpartei,2004-07-01,,792,
